<log><ArchiveID>2022-03-29_14.43.53.4353</ArchiveID><ARCHIVE_INFO><Database_Source>jdbc:postgresql://appworks.mydomain.com:5432/appworks_db</Database_Source><Database_Name>appworks_db</Database_Name><BCP_Version>22.1</BCP_Version><Machine_Name>appworks</Machine_Name><Transaction_Count>4</Transaction_Count><triggeruser>cn=awdev@awp,cn=organizational users,o=appworks_tips,cn=cordys,cn=defaultInst,o=mydomain.com</triggeruser><starttime>1648565033981</starttime><endtime>1648565034083</endtime></ARCHIVE_INFO><Transactions><TransactionList fname="d6221c16-c0a8-3868-0575-ed654c5d6e70" transactionsFileName="log-d6221c16-c0a8-3868-0575-ed654c5d6e70"/></Transactions><files><file><name>d6221c16-c0a8-3868-0575-ed654c5d6e70</name></file><file><name>log-d6221c16-c0a8-3868-0575-ed654c5d6e70</name></file><file><name>DesignTimeDataCopy_d6221c16-c0a8-3868-0575-ed654c5d6e70</name></file></files></log>