INSERT INTO "bpm_model" ("model_id", "model_name", "model_type", "current_revision", "organization", "model_space", "status", "information_model_type") VALUES
	('080027e2-1180-a1eb-b821-5d1799289873', 'BPMs/ValidateAndUpdateOrganizationalUnit', 1, '080027e2-1180-a1eb-b821-5d1799031873', '#ISVP#', 2, 'ACTIVE', 1);
INSERT INTO "bpm_model" ("model_id", "model_name", "model_type", "current_revision", "organization", "model_space", "status", "information_model_type") VALUES
	('080027e2-1180-a1eb-b821-5d1bbe0e9873', 'BPMs/DeleteTeamEntryInNotificationRepository', 1, '080027e2-1180-a1eb-b821-5d1bbde69873', '#ISVP#', 2, 'ACTIVE', 1);
INSERT INTO "bpm_model" ("model_id", "model_name", "model_type", "current_revision", "organization", "model_space", "status", "information_model_type") VALUES
	('080027e2-1180-a1eb-b821-5d1d69aa1873', 'BPMs/DeletePersonAddresses', 1, '080027e2-1180-a1eb-b821-5d1d69871873', '#ISVP#', 2, 'ACTIVE', 1);
INSERT INTO "bpm_model" ("model_id", "model_name", "model_type", "current_revision", "organization", "model_space", "status", "information_model_type") VALUES
	('080027e2-1180-a1eb-b821-5d1ef0659873', 'BPMs/CreateTeamEntryInNotificationRepository', 1, '080027e2-1180-a1eb-b821-5d1ef0401873', '#ISVP#', 2, 'ACTIVE', 1);
INSERT INTO "bpm_model" ("model_id", "model_name", "model_type", "current_revision", "organization", "model_space", "status", "information_model_type") VALUES
	('080027e2-1180-a1eb-b821-5d2071541873', 'BPMs/CreateWorklistEntryInNotificationRepository', 1, '080027e2-1180-a1eb-b821-5d2071249873', '#ISVP#', 2, 'ACTIVE', 1);
INSERT INTO "bpm_model" ("model_id", "model_name", "model_type", "current_revision", "organization", "model_space", "status", "information_model_type") VALUES
	('080027e2-1180-a1eb-b821-5d21e8979873', 'BPMs/DeleteWorklistEntryInNotificationRepository', 1, '080027e2-1180-a1eb-b821-5d21e8721873', '#ISVP#', 2, 'ACTIVE', 1);
INSERT INTO "bpm_model" ("model_id", "model_name", "model_type", "current_revision", "organization", "model_space", "status", "information_model_type") VALUES
	('080027e2-1180-a1eb-b821-5d238f3f9873', 'DeadlineBuildingBlock_DT/Process/Entity DeadLine Monitoring Process', 1, '080027e2-1180-a1eb-b821-5d238f1a1873', '#ISVP#', 2, 'ACTIVE', 1);
INSERT INTO "bpm_model" ("model_id", "model_name", "model_type", "current_revision", "organization", "model_space", "status", "information_model_type") VALUES
	('080027e2-1180-a1eb-b821-5d3ecd3e1873', 'AssigneeBuildingBlock_DT/Processes/EntityAssigneeSendEMailProcess', 1, '080027e2-1180-a1eb-b821-5d3ecd189873', '#ISVP#', 2, 'ACTIVE', 1);
INSERT INTO "bpm_model" ("model_id", "model_name", "model_type", "current_revision", "organization", "model_space", "status", "information_model_type") VALUES
	('080027e2-1180-a1ec-85b4-f3a27d3b9616', 'nl-bos/bpms/dummy_bpm', 1, '080027e2-1180-a1ec-85b4-f3a27d139616', 'o=appworks_tips,cn=cordys,cn=defaultInst,o=mydomain.com', 1, 'ACTIVE', 1);

INSERT INTO "bpm_model_activity" ("activity_id", "model_id", "model_revision_id", "activity_name", "activity_type") VALUES
	('o_1', '080027e2-1180-a1eb-b821-5d1799289873', '080027e2-1180-a1eb-b821-5d1799031873', 'Start', 'START');
INSERT INTO "bpm_model_activity" ("activity_id", "model_id", "model_revision_id", "activity_name", "activity_type") VALUES
	('o_86', '080027e2-1180-a1eb-b821-5d1799289873', '080027e2-1180-a1eb-b821-5d1799031873', 'FindAndUpdateOrgUnit', 'WEBSERVICE');
INSERT INTO "bpm_model_activity" ("activity_id", "model_id", "model_revision_id", "activity_name", "activity_type") VALUES
	('o_93', '080027e2-1180-a1eb-b821-5d1799289873', '080027e2-1180-a1eb-b821-5d1799031873', 'Catch Exception', 'EXCEPTION');
INSERT INTO "bpm_model_activity" ("activity_id", "model_id", "model_revision_id", "activity_name", "activity_type") VALUES
	('o_61', '080027e2-1180-a1eb-b821-5d1799289873', '080027e2-1180-a1eb-b821-5d1799031873', 'End', 'END PROCESS');
INSERT INTO "bpm_model_activity" ("activity_id", "model_id", "model_revision_id", "activity_name", "activity_type") VALUES
	('o_81', '080027e2-1180-a1eb-b821-5d1799289873', '080027e2-1180-a1eb-b821-5d1799031873', 'End', 'FAULT');
INSERT INTO "bpm_model_activity" ("activity_id", "model_id", "model_revision_id", "activity_name", "activity_type") VALUES
	('o_1', '080027e2-1180-a1eb-b821-5d1bbe0e9873', '080027e2-1180-a1eb-b821-5d1bbde69873', 'Start', 'START');
INSERT INTO "bpm_model_activity" ("activity_id", "model_id", "model_revision_id", "activity_name", "activity_type") VALUES
	('o_2', '080027e2-1180-a1eb-b821-5d1bbe0e9873', '080027e2-1180-a1eb-b821-5d1bbde69873', 'UpdateEntityDetails', 'WEBSERVICE');
INSERT INTO "bpm_model_activity" ("activity_id", "model_id", "model_revision_id", "activity_name", "activity_type") VALUES
	('o_18', '080027e2-1180-a1eb-b821-5d1bbe0e9873', '080027e2-1180-a1eb-b821-5d1bbde69873', 'DeleteRelatedItems', 'WEBSERVICE');
INSERT INTO "bpm_model_activity" ("activity_id", "model_id", "model_revision_id", "activity_name", "activity_type") VALUES
	('o_15', '080027e2-1180-a1eb-b821-5d1bbe0e9873', '080027e2-1180-a1eb-b821-5d1bbde69873', 'End', 'END PROCESS');
INSERT INTO "bpm_model_activity" ("activity_id", "model_id", "model_revision_id", "activity_name", "activity_type") VALUES
	('o_1', '080027e2-1180-a1eb-b821-5d1d69aa1873', '080027e2-1180-a1eb-b821-5d1d69871873', 'Start', 'START');
INSERT INTO "bpm_model_activity" ("activity_id", "model_id", "model_revision_id", "activity_name", "activity_type") VALUES
	('o_10', '080027e2-1180-a1eb-b821-5d1d69aa1873', '080027e2-1180-a1eb-b821-5d1d69871873', 'DeleteAddresses', 'WEBSERVICE');
INSERT INTO "bpm_model_activity" ("activity_id", "model_id", "model_revision_id", "activity_name", "activity_type") VALUES
	('o_7', '080027e2-1180-a1eb-b821-5d1d69aa1873', '080027e2-1180-a1eb-b821-5d1d69871873', 'End', 'END PROCESS');
INSERT INTO "bpm_model_activity" ("activity_id", "model_id", "model_revision_id", "activity_name", "activity_type") VALUES
	('o_1', '080027e2-1180-a1eb-b821-5d1ef0659873', '080027e2-1180-a1eb-b821-5d1ef0401873', 'Start', 'START');
INSERT INTO "bpm_model_activity" ("activity_id", "model_id", "model_revision_id", "activity_name", "activity_type") VALUES
	('o_2', '080027e2-1180-a1eb-b821-5d1ef0659873', '080027e2-1180-a1eb-b821-5d1ef0401873', 'UpdateEntityDetails', 'WEBSERVICE');
INSERT INTO "bpm_model_activity" ("activity_id", "model_id", "model_revision_id", "activity_name", "activity_type") VALUES
	('o_7', '080027e2-1180-a1eb-b821-5d1ef0659873', '080027e2-1180-a1eb-b821-5d1ef0401873', 'End', 'END PROCESS');
INSERT INTO "bpm_model_activity" ("activity_id", "model_id", "model_revision_id", "activity_name", "activity_type") VALUES
	('o_1', '080027e2-1180-a1eb-b821-5d2071541873', '080027e2-1180-a1eb-b821-5d2071249873', 'Start', 'START');
INSERT INTO "bpm_model_activity" ("activity_id", "model_id", "model_revision_id", "activity_name", "activity_type") VALUES
	('o_2', '080027e2-1180-a1eb-b821-5d2071541873', '080027e2-1180-a1eb-b821-5d2071249873', 'UpdateEntityDetails', 'WEBSERVICE');
INSERT INTO "bpm_model_activity" ("activity_id", "model_id", "model_revision_id", "activity_name", "activity_type") VALUES
	('o_3', '080027e2-1180-a1eb-b821-5d2071541873', '080027e2-1180-a1eb-b821-5d2071249873', 'End', 'END PROCESS');
INSERT INTO "bpm_model_activity" ("activity_id", "model_id", "model_revision_id", "activity_name", "activity_type") VALUES
	('o_1', '080027e2-1180-a1eb-b821-5d21e8979873', '080027e2-1180-a1eb-b821-5d21e8721873', 'Start', 'START');
INSERT INTO "bpm_model_activity" ("activity_id", "model_id", "model_revision_id", "activity_name", "activity_type") VALUES
	('o_2', '080027e2-1180-a1eb-b821-5d21e8979873', '080027e2-1180-a1eb-b821-5d21e8721873', 'UpdateEntityDetails', 'WEBSERVICE');
INSERT INTO "bpm_model_activity" ("activity_id", "model_id", "model_revision_id", "activity_name", "activity_type") VALUES
	('o_7', '080027e2-1180-a1eb-b821-5d21e8979873', '080027e2-1180-a1eb-b821-5d21e8721873', 'End', 'END PROCESS');
INSERT INTO "bpm_model_activity" ("activity_id", "model_id", "model_revision_id", "activity_name", "activity_type") VALUES
	('o_1', '080027e2-1180-a1eb-b821-5d238f3f9873', '080027e2-1180-a1eb-b821-5d238f1a1873', 'Start', 'START');
INSERT INTO "bpm_model_activity" ("activity_id", "model_id", "model_revision_id", "activity_name", "activity_type") VALUES
	('o_2', '080027e2-1180-a1eb-b821-5d238f3f9873', '080027e2-1180-a1eb-b821-5d238f1a1873', 'GetEscalationInstances', 'EMPTY');
INSERT INTO "bpm_model_activity" ("activity_id", "model_id", "model_revision_id", "activity_name", "activity_type") VALUES
	('o_18', '080027e2-1180-a1eb-b821-5d238f3f9873', '080027e2-1180-a1eb-b821-5d238f1a1873', 'GetEscToBeProcessed', 'EMPTY');
INSERT INTO "bpm_model_activity" ("activity_id", "model_id", "model_revision_id", "activity_name", "activity_type") VALUES
	('o_20', '080027e2-1180-a1eb-b821-5d238f3f9873', '080027e2-1180-a1eb-b821-5d238f1a1873', 'Delay', 'DELAY');
INSERT INTO "bpm_model_activity" ("activity_id", "model_id", "model_revision_id", "activity_name", "activity_type") VALUES
	('o_23', '080027e2-1180-a1eb-b821-5d238f3f9873', '080027e2-1180-a1eb-b821-5d238f1a1873', 'checkEscType', 'INCLUSIVEGATEWAY');
INSERT INTO "bpm_model_activity" ("activity_id", "model_id", "model_revision_id", "activity_name", "activity_type") VALUES
	('o_26', '080027e2-1180-a1eb-b821-5d238f3f9873', '080027e2-1180-a1eb-b821-5d238f1a1873', 'ProcessConfiguredInEsc', 'PROCESS');
INSERT INTO "bpm_model_activity" ("activity_id", "model_id", "model_revision_id", "activity_name", "activity_type") VALUES
	('o_44', '080027e2-1180-a1eb-b821-5d238f3f9873', '080027e2-1180-a1eb-b821-5d238f1a1873', 'UpdateEscalation', 'EMPTY');
INSERT INTO "bpm_model_activity" ("activity_id", "model_id", "model_revision_id", "activity_name", "activity_type") VALUES
	('o_30', '080027e2-1180-a1eb-b821-5d238f3f9873', '080027e2-1180-a1eb-b821-5d238f1a1873', 'SendMail', 'EMPTY');
INSERT INTO "bpm_model_activity" ("activity_id", "model_id", "model_revision_id", "activity_name", "activity_type") VALUES
	('o_97', '080027e2-1180-a1eb-b821-5d238f3f9873', '080027e2-1180-a1eb-b821-5d238f1a1873', 'ProcessNextEsc', 'EMPTY');
INSERT INTO "bpm_model_activity" ("activity_id", "model_id", "model_revision_id", "activity_name", "activity_type") VALUES
	('o_108', '080027e2-1180-a1eb-b821-5d238f3f9873', '080027e2-1180-a1eb-b821-5d238f1a1873', 'End', 'END PROCESS');
INSERT INTO "bpm_model_activity" ("activity_id", "model_id", "model_revision_id", "activity_name", "activity_type") VALUES
	('o_128', '080027e2-1180-a1eb-b821-5d238f3f9873', '080027e2-1180-a1eb-b821-5d238f1a1873', 'Single Escalation Processing', 'EMBEDDED SUBPROCESS');
INSERT INTO "bpm_model_activity" ("activity_id", "model_id", "model_revision_id", "activity_name", "activity_type") VALUES
	('o_133', '080027e2-1180-a1eb-b821-5d238f3f9873', '080027e2-1180-a1eb-b821-5d238f1a1873', 'Single Esc Exception', 'EXCEPTION');
INSERT INTO "bpm_model_activity" ("activity_id", "model_id", "model_revision_id", "activity_name", "activity_type") VALUES
	('o_134', '080027e2-1180-a1eb-b821-5d238f3f9873', '080027e2-1180-a1eb-b821-5d238f1a1873', 'End of ForLoop', 'CONTINUE');
INSERT INTO "bpm_model_activity" ("activity_id", "model_id", "model_revision_id", "activity_name", "activity_type") VALUES
	('o_19', '080027e2-1180-a1eb-b821-5d238f3f9873', '080027e2-1180-a1eb-b821-5d238f1a1873', 'For Each Escalation', 'FOREACH');
INSERT INTO "bpm_model_activity" ("activity_id", "model_id", "model_revision_id", "activity_name", "activity_type") VALUES
	('o_57', '080027e2-1180-a1eb-b821-5d238f3f9873', '080027e2-1180-a1eb-b821-5d238f1a1873', 'End of ForLoop', 'END PROCESS');
INSERT INTO "bpm_model_activity" ("activity_id", "model_id", "model_revision_id", "activity_name", "activity_type") VALUES
	('o_74', '080027e2-1180-a1eb-b821-5d238f3f9873', '080027e2-1180-a1eb-b821-5d238f1a1873', 'DeadLineEscUpdateMsg', 'RECEIVEEVENT');
INSERT INTO "bpm_model_activity" ("activity_id", "model_id", "model_revision_id", "activity_name", "activity_type") VALUES
	('o_78', '080027e2-1180-a1eb-b821-5d238f3f9873', '080027e2-1180-a1eb-b821-5d238f1a1873', 'End To Update Esc', 'TERMINATE');
INSERT INTO "bpm_model_activity" ("activity_id", "model_id", "model_revision_id", "activity_name", "activity_type") VALUES
	('o_17', '080027e2-1180-a1eb-b821-5d238f3f9873', '080027e2-1180-a1eb-b821-5d238f1a1873', 'EscalationsMonitoring', 'EMBEDDED SUBPROCESS');
INSERT INTO "bpm_model_activity" ("activity_id", "model_id", "model_revision_id", "activity_name", "activity_type") VALUES
	('o_83', '080027e2-1180-a1eb-b821-5d238f3f9873', '080027e2-1180-a1eb-b821-5d238f1a1873', 'While Loop Exception', 'EXCEPTION');
INSERT INTO "bpm_model_activity" ("activity_id", "model_id", "model_revision_id", "activity_name", "activity_type") VALUES
	('o_150', '080027e2-1180-a1eb-b821-5d238f3f9873', '080027e2-1180-a1eb-b821-5d238f1a1873', 'End to Continue While Iteration', 'CONTINUE');
INSERT INTO "bpm_model_activity" ("activity_id", "model_id", "model_revision_id", "activity_name", "activity_type") VALUES
	('o_64', '080027e2-1180-a1eb-b821-5d238f3f9873', '080027e2-1180-a1eb-b821-5d238f1a1873', 'DeadLineEscStopMsg', 'RECEIVEEVENT');
INSERT INTO "bpm_model_activity" ("activity_id", "model_id", "model_revision_id", "activity_name", "activity_type") VALUES
	('o_70', '080027e2-1180-a1eb-b821-5d238f3f9873', '080027e2-1180-a1eb-b821-5d238f1a1873', 'End of Stop Escalation', 'BREAK');
INSERT INTO "bpm_model_activity" ("activity_id", "model_id", "model_revision_id", "activity_name", "activity_type") VALUES
	('o_87', '080027e2-1180-a1eb-b821-5d238f3f9873', '080027e2-1180-a1eb-b821-5d238f1a1873', 'End of While Loop', 'BREAK');
INSERT INTO "bpm_model_activity" ("activity_id", "model_id", "model_revision_id", "activity_name", "activity_type") VALUES
	('o_8', '080027e2-1180-a1eb-b821-5d238f3f9873', '080027e2-1180-a1eb-b821-5d238f1a1873', 'While', 'WHILE');
INSERT INTO "bpm_model_activity" ("activity_id", "model_id", "model_revision_id", "activity_name", "activity_type") VALUES
	('o_5', '080027e2-1180-a1eb-b821-5d238f3f9873', '080027e2-1180-a1eb-b821-5d238f1a1873', 'End of monitoring', 'END PROCESS');
INSERT INTO "bpm_model_activity" ("activity_id", "model_id", "model_revision_id", "activity_name", "activity_type") VALUES
	('o_1', '080027e2-1180-a1eb-b821-5d3ecd3e1873', '080027e2-1180-a1eb-b821-5d3ecd189873', 'Start', 'START');
INSERT INTO "bpm_model_activity" ("activity_id", "model_id", "model_revision_id", "activity_name", "activity_type") VALUES
	('o_2', '080027e2-1180-a1eb-b821-5d3ecd3e1873', '080027e2-1180-a1eb-b821-5d3ecd189873', 'SendEmailFromAssignee', 'EMPTY');
INSERT INTO "bpm_model_activity" ("activity_id", "model_id", "model_revision_id", "activity_name", "activity_type") VALUES
	('o_5', '080027e2-1180-a1eb-b821-5d3ecd3e1873', '080027e2-1180-a1eb-b821-5d3ecd189873', 'End', 'END PROCESS');
INSERT INTO "bpm_model_activity" ("activity_id", "model_id", "model_revision_id", "activity_name", "activity_type") VALUES
	('o_1', '080027e2-1180-a1ec-85b4-f3a27d3b9616', '080027e2-1180-a1ec-85b4-f3a27d139616', 'Start', 'START');
INSERT INTO "bpm_model_activity" ("activity_id", "model_id", "model_revision_id", "activity_name", "activity_type") VALUES
	('o_2', '080027e2-1180-a1ec-85b4-f3a27d3b9616', '080027e2-1180-a1ec-85b4-f3a27d139616', 'Activity', 'EMPTY');
INSERT INTO "bpm_model_activity" ("activity_id", "model_id", "model_revision_id", "activity_name", "activity_type") VALUES
	('o_5', '080027e2-1180-a1ec-85b4-f3a27d3b9616', '080027e2-1180-a1ec-85b4-f3a27d139616', 'End', 'END PROCESS');

INSERT INTO "bpm_model_revision" ("revision_id", "model_id", "sequence", "description", "created_on", "created_by", "status", "runtime_model", "designtime_model", "target_type", "target", "norm_time", "overview_form", "runtime_document_id", "psl_id", "default_language", "policy_digest_id", "acl_for_subprocesses") VALUES
	('080027e2-1180-a1eb-b821-5d1799031873', '080027e2-1180-a1eb-b821-5d1799289873', NULL, NULL, 1625814935254, 'cn=SYSTEM,cn=organizational users,o=system,cn=cordys,cn=defaultInst,o=mydomain.com', 'ACTIVE', 'eJztG2lv4kryr1h8WM1KA40hIZAllgiBp0g5WJJ5x6fIRxO844Nx2yHMr9/qy93GYDCZ2fekfZ/iPqq6qrruJsNVEruYED8iqR252HgPg4hcNZZpurpEiLhLHNqk5caJt6F/QuSsQiR3I7PVbhjXs/s5fvOJH0dXjXa/3e5c4E7TNPvtpm1ip+n0O2bz3DMvBoN21+xfdBvWUBwbxh4OTjgTENjuV/tV0Hv59DialRDAEontVStOXhH9QDh6w0G8wqhxCpuOTXwX6F74Ab5qmC1TsSGoIGGOcb1et9ZddnSn3T5H7Qs4BHaJky8l6nokcFiYrwLz8MLOglTujkhnezd6XOHoGb+nkyj1082th9nfcRyu4gi+YUPyakf+dzuFO7WDL5GfIpBbwsZEYe6W6IBdUQqYBQMEcdQI6MMK7uxHUKTQnddHJ6cUkl59JCPPS+D2FY6L+jhmS/h4yEIHJwpPvz6eSWj7QYmgQfUFcSzMCP3oFTmZH3jw4QSx+5UgWAsKihcRs12lea5NYCoCswwB8xakeYTOvoCptM97bbNp9kfd5sicDJrX7elFs9u/GE9HncF0en6t4TxBs8dxFqXJpvWU2ilusZGmBGZJo4/GqCE5Qb0LZGmoSqqtSw28C7s7lACwH2JqJPdsoij6kmrrSH7BERg2A0EaTEmVdRhfMMDPCezoNYNLv2oIFxfZIQx+tQPfA25GkfdlRT92mbAXuxlVltsbCB07L7/TPO+fnU3GnTa//HWcfCXg/XEBpGs6pog2XQ83sWkucN90+oMFSNPDxH+NnkFCvx0G9pqDXtexF4sOB+YeOPUZ2VeNOF1SS/XJve8m8VUjTTIMgUD66UuICOAoUx8TbZIKxIIwSdARQhmiIpxCA3y4ib+iWy2Ao5vHS+x+1SD0LQowjGFrnFiUWG2znNap9+MELtbqatvySbXPTWyynGM3fsPJxlrYAdHxFldLZNxhCMOW2S1TwlcUwCxzAp8sr2+fEzsiqzhJqXpbbQ1yzxaF4/oWZJ5hcnPNBV7CsHODJvRcQ61jFFS/CwWp0Gnqax2jgBo+HbSgFGXlrot6NxJ1iB+tshSEY6PCpGYZFjMMDWVxVUHFWboLF7enbQ2V0wVtVAZGwkvmcurkX6CTPFNlvssHvfNBfanbBeN+oaklYKXkMdeajz6Ut3GHqLQdYjQNkvYKTlODk/JgFjeJJsqZJh+Rnj7A8acgP95jaQflp94oV3TK4UUHV8ZpDUXUu8nN7JRjjrPp0lHWULPGD51baaAFk2cKSW27ssQCSCixhkjuHiaiNjsIyYszYFYBKLvT1QopnYWBMJCfYin4HbsZvW0/WsSg7YXxaXVjzgfYDISbKP13hjMMA1RArjOGSh6B+Ys6Xsf3uHcRDIp812B4uMsRngixAcsKC7EzwQGG9Np2U/8NYrHAA+likkrsZsNYxcSnHNxGI7FxHGQkxQlkOw3EOclxw3dKgyaDMJgsGJqWB1saBklcecBBOqZ+5OkOgid3nKx+r5IuU9KlaNlLWr+n07bz0IOkTiJPUtarlli3HmX43cXMM7XsIPgQiWM7dZfGROKT5A66leR2apA76OqC3D6vjgz71TI8q0FUr6B57AzQvlcMiwsfQs0Ltxa0/xKORoCkDTNcbLGuNe/CSFc14UmpuVwa1jAX4wntp9zGC5afblZ08DyaP9NcgqfRUMIb4lMUKIaeYIPNARqyidxlAtPfsZjlHkLS+COopaZf5SA49b9Nrp8m819vx5M6LHT2suCHq4B1IGyuHtKtfyE4eWYnulmSwPrjOqK1HKfCXq0C37WFAVCqWeC1jquCh0hBDGmzMcTpMvasXXwPkbZhCEGUdi+nNB6MaenBU+DS9DCVBY5B49BV4+Hx4eV5Pnp4Go2fbx8fRncv88ns7g9mH4B/PhvLwkwOIZoXRJMnn+SUKybphjZCZZXDvAZk9qegygggCvyUNiJUSmxUoyk2ISrUjDaLQWp1sDmYi0nW97uvkaJV2RBLlkAA1pCXOH85QcxBP+OI4J8lEIl/h2C4RES18hG+xmyZWcUNTm0/OI6ZYpOrxIxCR3YQL4iWM6yugqBIK2aKBRwl+2Y+j3++OHgRJ/iFekDlsnev5X31q0aCVwE4kFEQjJd+4IGLgtjK89XNVYM25S53yR0dWLlNcXjrsTaYLJ72OWQCknFTLQEvp/+qEk/iWDY0xdSth2hv+dM/JaZHxRyfGHPP+wAejEWbLUn+0OhD86U9CRV3+ZPfx5MZ9Z1/wdDZy9WG5zGc4IebH0MqjrzHxcxOlyLaqPEPTgB2cjGfP85rsnJstGes0SBvTZIkThhnbDjEdCyM3Bq6oICGtwHafFe6ATeOIP5/+se3LE7/NQJ7Brsx1n66NNIlZmwYfO2zQTKHpJTsJrfmT2rCXoD3/lTyU0h3Mugudu3A/247Ab7nXgWBDVEDiyNhQp+NnBBWrxUp4Wv5Jvzuk5RsTRp8tmWA8b6BMzVsI4v8bxnH0BK7h8hl6YX0yX8LhQkld/+a19ySjZGHEZZn/f/KqvDogIqGVko5Nf+C9ldK+QorsMQ0WPtEJvOzGLL1jSH6gjVenEbju2mcPGXOjINiQnsQgJk3RWYJEBJguHnekEnBO6o5bRkCl7dnKWOH71n0QGv2LhJwVy9C9fZtycgKdu2likA2vmcRRBhC1VrBEqFVZWEVCbmgLclbeU9WNCb1BiFtlj06/4F4D7kSf6ChxZflRldPfzw9T+4/w1dcuBya+ibkc3xFNnDVId3A4wv9Eu0ymmbAjnDjxaHtRzTyABUafnkY9lgso/3rfIOYk1tuaPFv9jrnffNs0D3vmL18J1sCrdaYQCUWaZYIOaX6MqQO3+alr1ZSckT01fG8PRidjc96zc7NjWw4m5Npc3wxHfQm5rR3Nr1pGIsgXh+AmXaak/H04qxn9iYMpqrS1kjhJfATTt58Fz/b5Gu+qpwJ3+PE6VK2UB5keXt0xm4N18QLLuHumCVBZSBaLHS68sc6dEP+Fu2uKzMPWNZfu/lK3fduevJhithviCRIWqd2EfnTgWbIx+RMcyvQxnfghgEIOt/Jnn6WiX6/v3tiW/NIBo4xvOG2dtX4loE7XfjY+whpQA4EANq0OOXu6wv5lKusqzPRMXIogCAmCCHk6lbFO6WHhsx3nrbC2A6CAnydi+VnyQqQ599URViqAVm2Hz26bpawGGiE9rsa0YJGHo62qUKKnCNZ05oPO1gkGLKKyMUf5JOf6G1xonPZ1oTgxHGA7YgWxkLlWVonGFckVXOPcoujxHvb1ucdQ/0HfBf1KjXMs4ih2uw5P9u38b9giN9mOccVJG1pj1dQH0VxhXKLEwRa2l9VeuFJ60B70bUL6LLIibPIo3onzE1m4hIp5/jyAfIr7EleuJ55RUXzSprm6YZWWP4TrqTIAYjkHXv5b6B0ZorSKgry79vdebvHbf/b1fwMvdZr63pqmOBFrgE7VPo0I/+TBTHHAQ2jpX5p0XoK6oj0HJR95z3+qmyH7WT9e9WSByZ2J8gckxN7G3a8fsrRZ2ppSI2zc6gaNNTLd/e/bigyS6qqdaCEBhb0eA+BNBtn4eOwlGZiqyQjf6uogM1b/hKIvwoKGiruF8lD+OvZQYD8UiQg/0nNDikVUJVlnMspZ09OSFGJAxyggraq9zN/zXdIgzlEuiZfqhD5ASeUMtuvsUb+XHz4/2LouhJ/zTtmhCsgOqS/AqFPPjlO8S7KeQTbKb5z5vIX2zQtOAwj91VqgECzV0F2o5bvfrt1Q9yVOJnwdkqFzETDpaFZoSFw7FeUXJ/246U6JBm0+f9/GEHsilc3cPgt7DsZaa2x02LX/gvAru1Na+2uFK+UHPkteJFDrYFj8dfRiLXadrS9jvsF/8622HGgNfq8pY6Xswp/XKdL/pMVfR/Y6m8d3944MrBzpl+O4vokFljYpqqw56qRanYi8X93qv0rfhSJtv6R0Povt1waMw==', NULL, NULL, NULL, NULL, NULL, '00505601-18A3-A1E9-B0F2-5844EC20FF5B', '00505601-31b1-a1eb-b3de-e11fe81b89fe', NULL, 'IFbRLLIhgd5W0gocsTTZg7DkEAE=', 1);
INSERT INTO "bpm_model_revision" ("revision_id", "model_id", "sequence", "description", "created_on", "created_by", "status", "runtime_model", "designtime_model", "target_type", "target", "norm_time", "overview_form", "runtime_document_id", "psl_id", "default_language", "policy_digest_id", "acl_for_subprocesses") VALUES
	('080027e2-1180-a1eb-b821-5d1bbde69873', '080027e2-1180-a1eb-b821-5d1bbe0e9873', NULL, NULL, 1625814935363, 'cn=SYSTEM,cn=organizational users,o=system,cn=cordys,cn=defaultInst,o=mydomain.com', 'ACTIVE', 'eJztXGlv4kga/ivIn3alIYUhHIkAiQAZIXUIS9IzO/sl8lEk3jY247JDmF+/b112GR9gknRne/KpcR3vVe9Vj93pbwLfwoQ4HgkNz8K1l7XrkYH2FIabS4SI9YTXBjmz/MDe0X/WyNyskVyN9LOGVrta3Czxs0Mc3xtojV6j0eziZl3Xe426oWOzbvaaer1t66Zp485Fr9vShn3Bdu3b2D2BJxAwrG/Go5D38u52tMgQgCniG5szP3hE9AfC3jN2/Q1G2ilqmgZxLJB75bh4oOlneqKGkIKsY4rb7fZs22Ksm41GGzW6wARWCc6XknQ1EfheGC/bZuOVEbmhXO2RZtlqzw+dlWMZIZwe2vrBt5Xrb1VuHmmV7f8VezgwXLoDJVvOy7ZYBoEhD05vjb0wzatdttGxYb0T7tDItgMwe3prp5Tndm919yhGbItreI8RSDvQxBF6xhoeJtjFIb7HxnrqhcFu5s0VUy7xxidO6Ac7rWb7VkQ1nU0GWutc706vLjr17vS8AzEy7dSn495VXe/po6ve+flVZwoc6TkQ8HBMt4D7NNqdhl5v6aYuIqpl4zrW9RXu6WbvYoWBCSbOo3fvrPHvhzfb9YtOyzRWqybfzL0sdJjoA80Pn3AAo+TGsQJ/oIVBhMHZpS9egtdvcBA6mCiD1ChDSAUEHWmYPkrvTUiBLlbgbOjyYXVi6u6E5tr36MIh1UVZLIdV5Rw/gLMftpRl8WCyzgoM8rTElv+Mg91wZbhEpZuezYjxBUMmGup6VhI+k2xYRKbrkKer2X1geGTjB+EN5MxhQ9lZsCShcTX7zXAjTCZXXze2EeIMhdwFynnEDjw8xn/Vs0h2JuQU7x4e458KPXVryl+yvl+VdD6RhInjbaIQjGOg1KASOEMWNwrJ9Gyyy4/CPFo83PY9VA6nvDGJP7K+ZFmpSgkCn+TFmqU3B/zOAfcN4eAh9h9odQWqVDxWnuOnV5UunjMTb4f0TQuAsQFuycNJrQArd0Qx5UKxj6jQc2B/CvFqCU1hFnOeJOnoFAGq8p6o2S+IwPvWeBJH4SkSHBfyGVbDvhKsp/A9Ln5TGYH5Kw39siYUNzBtQvtIru4Hons9tFO0r6BssiEJS9XrUOLS8CDi510CCb9gK6Kn7XgrH4Ih9XxaZx3rASEF1cgL/xXhCMMDShFXFUOZhMHSSZWk5Ng8+QgFRRdbY3R4RhKJCrEH38M0HpT8GUCkQGdpWKHzDKVa0LkLjSCU1HWtxgKGHp03EgvHbkRCHECvpCGuSUwbfoe0prIdNWYLRubMhiVajQSWZHBQDl5Yp6ytnODQcFwipWqWSqVLqRJJCgVrqoLlcTwoJk83S+zCVnsW4nUspd4rFbNZQUy9p8qZw/KgmFPPjuVql8rVqiJXW5WL8YDDfcQwuXI8w33gzigIsgdGi01W9fU8inRW0V0qbXFlhv3YCidcX+MISMVFuNvQh/vR8p4WYt6DOt5jTfwEOWlnq9XU9hScEuiQnWc9BTD8FxajPICkkG8hblMrCx8u/O/Tq7vp8rfZeFpJg2ahBs5647KrqcHdQya9rwQH94ylFQUBzN9uPXpP4mIYm40ryjLIQaVmZWl4wtW7j5LtfYpcrHH45NvDHCP0kTLfh3JDkZBrmjnHtIfnvWRmuB/Km0KNZuyBNr+dP9wvR/O70fh+djsffXlYThdf/qDWoPSXi7G84chHqHspM8VdHDnltEm4o6CKvC6wBAAt8imkIgKEXCekqETSW9bKyZSgIMX+R0EosODJlE3M7Scv2LnHS1kk/QRrN8Awwz6/Q3xoAy3BhX2P4O9hKMkrx2DcUuKa8Gb6jtlaFlJchOO0TMNl+4op5PKOXmggR9jtBoojvbdSKpBw2W+WO/nPBxOv/AA/QCZNUn/uFO35BPwT4I0LqWfkuuMnx7Uh00GF5U3hbqB5pHmZcwCobJxW9ZnNQCp5OSlI6QQsYoVKf5vtrpN7cOD7Id8/E0MzG4X4JfzHPyWl20QtPjDmqXsOaY9mt1KLNYst1nxni9E+BgrJYYsN+88UuhH3xD7iT1CFmcgHFGwVK9h6ZwX5CC2nFZSk1+CsimgvCt60A6Ftb3Fr/JoO5If3HyrKXdRyZJX+7DjepKCmXzEUethRRSVNa7+o5B3hB+kqjjNCtT6iqjHeunPI0+n/rVnQe8XdAp+rUBu6l1mjo5Lh3GYhL/l+oF4BjFLYLPC5dzQYV4uCzoeNJivp7fLX0Xz2nxHPvV/ns/vvXVfbmorl8Bo2nU/epIJiz75dLYzwSZSj5FlVAhUDLfEMw2fEMBCeylq88KHY7moCdK/4Qng0/nLtB3eRueDbMaEwH1DnqOMiAGFcDFHMEU/a1iVjyjQcj10wFbEuqmDSFr1i7iQBYz2IpFG0JCIbWFUoFYGSWjAJZlw7XplKhAJTqVkk7IL2rD+MX3oI5F9F4CkafWv+F6IYEh9/QUr7p6HlDe7+uLuf3vwCv/zg0QDfYQdkuLSGBeQXf0B2cNxruoA7Mv0l8GiaPGDFemf7a8PxqIuDFAp9yQzbzN/o+6N4gRiTSyYUP9Q7zXZPP79otVsdPV7JpvpIVQJlVKQpHwpE8qsm/XgmwTOlKeR0ir5BuNbP673rca/TPr9qdaGRrdELb/ke+hLoejLV9U5rorPvFkqwOkUS3sPe4eDZsfC9Qb7Fs6aLb7jn8TWmHz5JDHYu+9PTru3D/pbY7iUcIwsqqPgCsKXDpZ8O0QXxpy3WtjTb7X1mwmeqfj5DOR+WiH3RJLeEJ6MZIoGX46xveAA00YPHvoCabLdQ4IUUwOY6+vfNlzu2VKuJDgiS53rC43Gg/RkZLrDE9pvJCbLBTYNeVU7xkFcexSmnf5qbvRD7GJt7x5gzRR8xE4qzKsVPX6js9FL3QuOdPRuum7Nd9oS8TaDOE9L+ABoC4+XWguswq6A1KC3JU54YElZ5LR0VvahIC0kl0b72KGFznAWVi1GOJQn+M8KehQtp2SWiNhS9TN93scHAKBFz7AIidEnYlCuE4pCnAtn74X+UL77C3WmKq5Af0hTK8w7XR1r4eyrET/OLb4EofynVU4i05xF2yiUSiVMeuucSnIMgS5GcxC9s6fCokFwjRS7yTD/ybOp3IqrBdwM1ILnGl3NoArEtdeF+Zqcdzc54mq3GTmr6BxxJWgMwyQu24+8oVWXS1kob8vN0c0/3uOWfqeY9/FrFnKq5YYBXsQfkuPRpQf6DDSGQlemLhTfpvkKNnpQ7IrUJZr9jVLGkT2ILGWCYYICgQ26zzumYvr1jzFUex3JU+orjOcebKkhQrb8uxlITKTNuqiWCC+9L+XCBgLT7Z6Wj0EYLsUJyj/G94i0xvij38DcOgnPxkSLJgoPzh9bHByH38Q/pciyTopS1a2ybWDc5IM0jGJiOZ1O0rlDzK75AxkeB4IpJ6dHHZE+4F+2/3anFr58O/y8hOp/YvNqxMrmTPfSRXzkgcyD11KWKECTpVyex0cUy5eQP75HrSo9dkCn0inzS8nVCvkOIoxKcCYd2ik0msB9NibaaIFHoHbEPlYak1M7g/0Oo5vqWQN0hpZ9hx4zI2RabZ+zIfwUKW2N3trU2iaJUGPlbKCIfFfBoyN+4eAzxy0Xf6IvjXPiNf9fc0+vd5qTNobTri9F1vTm6brW61/pFdzLeh9+K9rT0Zq/Z6/babE/xe+rvg76lXn39rQG39EvAvd4h90OC11n5g6Bqe6K9K5CWY+KfFDvLfY33auisGNZibxK5M7EvLmIG9OVM4LB6Rv83bIocp+ZBuRW1j71NHGiL6fLudi65ZeezLyIlsKRwE+iRIk0GWjoFUiv91KAaosZJfSJqP8c19xNz+UTU/kan+4mofSJqPy2ilts9FcBaeZ15VTyttKk4mu/PjKZltT0EpmV3HIOl5ZxmGZRWcgg/CEnLSpQDpJVa88PiaOUn+gmjZWG0rMUOomgl/lMWiR8FQzvub+Uc/YlbdmvFzzYzIJq5Wb8deCb/bNOwn4HMjsdMKuASA+3haM1PUoOVZOoSBUeOku8XkfhrXskXneIPCaC9P082/B8ViXKD', NULL, NULL, NULL, NULL, NULL, '3417EB96-7E46-11E6-EC8B-181AB844B6E0', '00505601-31b1-a1eb-b3de-e11fe81b89fe', NULL, '+BZI6teM86vIDJ2rrRWmmSIjFW0=', 1);
INSERT INTO "bpm_model_revision" ("revision_id", "model_id", "sequence", "description", "created_on", "created_by", "status", "runtime_model", "designtime_model", "target_type", "target", "norm_time", "overview_form", "runtime_document_id", "psl_id", "default_language", "policy_digest_id", "acl_for_subprocesses") VALUES
	('080027e2-1180-a1eb-b821-5d1d69871873', '080027e2-1180-a1eb-b821-5d1d69aa1873', NULL, NULL, 1625814935407, 'cn=SYSTEM,cn=organizational users,o=system,cn=cordys,cn=defaultInst,o=mydomain.com', 'ACTIVE', 'eJztGllv4kj6ryA/7UoTjKEJJAJLXGkhJcCS9MzOvkQ+iuBtX+OyA8yvn68uVznY5ujunX3oJ+yq+s76bjOIk8hBGHshTq3QQY194Id4qG3TNL7XdexsUWDhphMl7oH8BLodB7o4rRvNltYYr57W6N3DXhQOtVa/1Wr3UPvGMPqtG8tA9o3dbxs3Xddwb+/6PaPf62jmgJMNIhf5V9AEBJbz1Xrj/N4/L0erIwSwhSMrbkbJm04edBS+Iz+Kka5dI6ZtYc8Bvjeej4aa0TSkGJwLHOQYd7tdc9ehpNutVldv9YAInOKU7wXqy1hgsLBeB+aijZX5qTgd4nbdac9FYeqlB33kugmIohIKcacO9DMKUWL5BEKXIJ/qQBwLw1IIFxcA2SKt7llsUhDfCt8yQDLUuFJDK4CXKfJRilYowVHIxUFYa7iRkxFy8ymYZ6vb6t72jRvjbtwDG53d3jz0H+B10hmPPvU6494U8O+i5CsGC0MSpGXcdAzb4BbdcdENMowN6ht2/26DgAjC3lv44gXot9PA7s3dbce2Nps2A2a3nHpWSn0oSrcogVX85DlJNNTSJENgbMIW7sHqYpSkHsLKIlGBCa6I9VI1DPTiSQkInDuJFxPS5ilQ9azEEEShl0aJSfhUDotllXEvSuAWzY5yLF+U55zEwts1cqJ3lBzMjeVjFW9x94iNRwRebhrGMSdsRwKsMtv38HY8f0msEMdRkj5BPDJbCmTFEYljPP/V8jOEp+MvsWul6AhD6QFF+7lxmufYpnoXElKiUyzXPMf2FHwqaME6ju36UtTlSCQRL4yzFJRj6YVFxSlM6hMKyuKuhIqytAwXc6WPFiqWC9YofQsH9zS+XBLewSZZIqSBygO788B8U7h48OtXkrkAK2GPpr787ZvSAot+0trBa0mEtWKgJl+uSrM0lWBFlStFPzz7LYD8NcjrgpWCOqczlcHnGnL1lKZqZEsysKwATXMPu4beee58RMocKI54Pd1TvlnwdmqLxK1rizfLIsXbQBenBwmv+k5CsrIPhJUA0uVUi9KlucIL940f4iRoj5yM3LYXbiIw9ML7dRVpLge4C2SaMP1XhjIEL3oBuSqYfhQMaKi4JOB4LgssXEBe/TUoHhZteBDS6UsUAmOFtJmAX0BZZjmp9w5pmON5Tq0kFdgNrRFH2CMSzMMRPzjxM5yiBGocTWeS5LjhOSX5kkI0qC4omqYLR7QGThxB4CQfzGuVao5z1KplyRAsSTaquWqpbH2kd5LBWegKpnq1PLUv4KmnskQpgLbeEOxtvNDyX9ntcnz0haKim5caTxlGsqtILkR2mCzmINfBFX1UblIFQ0sPMXl5Ga1fSNZiBZsXvjX4I/BJykCtodZycNGABx9CZ5vA8p+IrzKLFEx+F3ZbWpVBMs5/m42fZ+tf55PZRey3K9n3gtinXZLFTEOEkC8YJS+UpJMlCewvdyHpFhgbVhz7nkNBgA/CMQ3y5nmd1UCXEAPSMgco3UYuT51r5IONuPMUBZA3le0BhGvSgT+QyDMh9S2rs46WB6moohsk4g21xXLx+rIeLZ5Hk5f5cjF6fF3PVo+/E/kJ/vVqIqp/8Qp5o6CYvMLB11wuTg+kmRelNPV2KB+vQZVhQOR7KWmJZd3VqEdTbGtVA1OVTccdoLNLcNmIKUl0j2VXSJDKnEtTMghvDlgN/X+mhDXYZRRi9GOUIbCXKIVpg5fC3yLThG5Tb5ii1PL880Qpjlk+iqKgK7tRzrRYoUU7JDHSjhEsEBrpM41y7PHVRpsoQa8k5skoXb5HCh4+s0hQ7EPYGPn+ZOv5EBxDSIasIjoMtRB374+Vrtcsk6e5S+cqoi4vib0YFpxUKeuOi0rZ2iVRlM7orcz50tzVU7RP//FPgWkpBWILExZjFxCtSFCq11a7RlvtH6otJhbplk5ozBy8k2mEuZqtn5eLgc7eIFdSjk3SDhXM47sm0Z6m1kwsYc0W0++U71HoLjcrK93y7CPfVSn06qIm36G1EF8GxDORelcR5NZDg3eMtTPH0eTxIUqeM3vFDiNMilLAxQrkVQKkfQQuyorzFPiVa8o23IZbsZXRcVLFpkvZqtjEoJpXHhGqjmQ4hlOVXGHIlxWboLQASsoakTAp+Qq7OtfLT/XUqkf/YIpmPr7gPbzaS5O+cmn/F4IYBH02xiS1o+mEw+ffn19mT7/AE/QEFjgSDUvQOkD+TvAv0RAfwPYDcoC5NXninSWJnXAiOLhRYHkhcXjgQsEviCGXOh+Z8uQH+Jo4MiWNi3Hb7vaNT3ed7qdWNz9Jtwa6KoR+JCJJd5Ac5VNDOPU8r9qVipghKnwG6LWnXT6buRs93LRHD51O78G4600nWmPjR7szYKa3xtjotxhMZQ2nMsLq92eUvHsOerHw13zX9tETszx2xo7SrWj+FqI2P7vwMAc77Pr3cHPUj6DA4c0hWa79XkYO5B91nF1tuIdt9UsO27n0wxGhfJoj+hlPgKSXlGA8adVd0DdqmeQzsMQ9yEIBOJd7XNGHG/q/nx6f6VGtwas6yBnBlPnZUPsjs3xv4yH3W1gDdqBhIh3XNTd/uYqvucjrLGaP3XM0G56jtAJ+nWqN30hdU7YnrJNudE+clb5bvl8CLYpZVvIQC0lJrVNKSSnlmDHRfjcnQNJD4jl0JmBbuICOYQsh97A6s0Gru6HGij1B7Xh/uf48Wsz/M2It+JfF/IXOT4rU2ILKjS55Zy9UeP2jVgrHzlCs0uiVKBijPzIUOqgSFag5sPZLx8kSWnM1INuKt5ZyBXYU+cgKSb3M/Y02VFxwSaZeHj13d8KQ+9H1z7LQb3ACEtAuiA1FDPUxh8kjNPy/FIjd5mPkACt/KhmRs/TBItyCSUiOlWs3PpoEo8DRksmUtAu34Jul6FoFdFloR1noErvjzg62m9ABHEfKJL5fgC8hV8jC7MwtGpp7ZGmu6jqF7b/hSooSgEr2yM3/naAKU9RWUZE/b7f0ds87/jPU/Ai7Vmdol5lhgja5BZSY9HVO/jcrgufi2d5BsWroRe8pmKOuFsD0OZ+SVldP9Bydf8qRJohQVpkzLHbkHihplcKZ9JSi4my6OcwF9C8rsqvnwpLJIxPVJN/c8gr2W8EgaQFo2qjS0IofEMTzaWUlRD4sFSDs2wmnW3mbuiDAvjKcOJ5fggBjn7dLtFJAdKzTXC+5YGJBqIYTsL3QJYPIKrHHbF+4RTnbijbJpedIr+iRPn6jauQf0U7/45XsS4VfdKOUbQlCXkcOGyrnGPn3IiYheEfx+0+ucX5MufXTMOJc7Z1zNJUmUY5afBMptwZ+U5wyZjOaSo3xGY6meFmDY6gyjdx+6jxRiGaxkXLDjxz+6QCCeBN5doabO2Q36XV/BtCddWjunFhKSVgRz1wK8arMg0z2zSikc7uSGdp5/5etn7HVgtZO0Y9GZnYcfL9RmfijtDk4GpCdPyG5YAox1F4r5LyKaZpuyXVXXKcup6M6/7e8nBfzPxzpH/7+b/4FHhcfZw==', NULL, NULL, NULL, NULL, NULL, '00505681-19B7-11E6-F8F1-1C3BA473B7D0', '00505601-31b1-a1eb-b3de-e11fe81b89fe', NULL, 'Yrvb7cw0hq9gQ73yW4uxfGh/eSk=', 1);
INSERT INTO "bpm_model_revision" ("revision_id", "model_id", "sequence", "description", "created_on", "created_by", "status", "runtime_model", "designtime_model", "target_type", "target", "norm_time", "overview_form", "runtime_document_id", "psl_id", "default_language", "policy_digest_id", "acl_for_subprocesses") VALUES
	('080027e2-1180-a1eb-b821-5d1ef0401873', '080027e2-1180-a1eb-b821-5d1ef0659873', NULL, NULL, 1625814935447, 'cn=SYSTEM,cn=organizational users,o=system,cn=cordys,cn=defaultInst,o=mydomain.com', 'ACTIVE', 'eJztG1lT40b6r7j0tFsV05YNGChbVWA8U67i8AJJNk+UjjZoR1fUErbz6/P1pW7ZkmxpmGQf8oTUx3ffMpMkjV1MiB+RzI5c3NuEQUSmxnuWJVcIEfcdhzY5cePU29I/IXKSEMnTyDwZGL2b5f0T/vCJH0dTY3AxGAzHeNg3zYtB3zax03cuhmb/zDPxanA6MC/GI8OaCLRh7OGgA04AYLvf7DdB79Xz4/VyDwBskdhOTuL0DdEHhKMPHMQJRkYXNh2b+C7QvfIDPDXME1OxIaggYQFxvV6frEcM9XAwOEODMSCBUwLzlQTdjgR+F9abrnl4ZedBJk9HZNh0Ooozf+W7dgbaQ+s4/bYK4rWOLSKjpvtfcYRTO6A3kLpy2nTFtQksRaC9EEcZxxXY0VsOK1NDiCmyQ3iZpdjO8Au2w3mUpdtF9KCR+4STmPhZnG6Nnhe7OYW2uJ0ao1NzPL+5PO+P56fnYIfz8/785nbWH4+Hg+ub4aV5DibYo7wSsCJMr4CKBmfnA7M/Mh1TWO3Iw31smit8YToXlysMSDDx36IXP8S/Hr7s9S/PR469Wg35Za7JzGekT404e8cprJJ7303jqZGlOQaDkvq+AstKcJr5mGiLVCgWuBtBRwpmgsp3FSjgxU39hB632gPTbyuYYRzRgxblRTssl3Xm/Dj1s6010o4Vi+qcm9rk/Qm78QdOt9bKDogOt7y7R8YdBm+3THOfEr6jLixzJ/DJ+83iJbUjksRpdg9xyRpoN2uOKBg3i1/sIMfk9ubnxANp7kGoPKDpozBg6xj71XWhbipwmnVbx9inBk+/WrKXfdtvC7oaiELiR0megXBsVFrUHMdifqOBLO+qW3GeVcHi7rZroXK5ZI3K/0h4xaJSmzAPNskTIgtvPtidD+abgeLB919pBgOolDyWAou370oPPGYqa4fMRIOsnQA29dIp3bKUQjRRLjX5iCz4AOi7AG8X0DRkBeZbFY66ENAW960e/dIcrC/Et4UXdqHgOJffQ2VNNGftgvc4/y1FBGav1PUbC73zs8sLSrI8PUlFhXjwJi8RgVl1QbmlbnVImTS8CP/5IY6EN9jNqbb9aBWDM5Teu1WvBR/gUpCNouw/Oc4xvKAScJ0xtBcwWDhpE5R8jwcfwaCoFHsMDo9IIlAh9hJHmPqDFj9THGCo3mw38z8gVQs4z5mdZhK6afSYw1DVRdfi4CzISYZTqJUMxDkpYMNzRnMqu9FjsmBgTjw4YvRI6koEB+ngiRV8GJZucWb7AZFUDRupMiVVipJawoY6YVUYD5I5jzxJ1riRrGELssY6WQwDyOwNw97Kj+zgletYwGMvDBTbbGtCVRDprsa5ZNnlvFiTQgYdOq/CsErmlm0T+vJy/fRC8xsv7fzorScegU5aMBo9veoDXQMcso3c9xSW/8BildulJPIzyB0aTVbJif91fvM8f/plMZu34mBYy4EfJgHrqmxuHTKW/Exw+sJQunmawv7jOqLtByfDTpJAZDugg1LNor3VoWucIHV9QpvuEGfvsWdVCGGCtP0JRHHaxH+hAWlGS2Neou0tTzJZgPdoIJwaD48Pry9P1w/P17OXxePD9d3r03x59xuVBoX/tJzJxkG+QjopiakojkgXbZNsS+cBsgpn7g+VZxdQOQFAgZ/RhlqVbL1mMA0NfL390fkJSLAzZAdz+cm+tVK9FIVK0yyLg2CsCS/N/68F9AQmHEcE/xWCkrgqBMYlJarvT+N3xs4yl+IkHMdledKzy5gGrkr1ggO5wpoGSI20HaRQIOCyZxY7+eOrg1dxil8hkqrQX7lFSykxVUlxEkDouQ6C2bsfeBDpIMHyWms7NSIyvKpQAGpaX2Q4XHhs9iNr/pqQTkAibqaVjftFq2ov0zjO+P2FWFp4KMOb7F//lpAeFVt8YcZD9wOEPRrdGiU2rJfY8AdLjJYxkEgOS8yafNCJiGi/Joi/QRZmJB9gcFTP4OgHM8hXaDptwSTtLvdZRDte8KkVyNjQC06e6ucPt59ULOHIe1wt7exdZGr1rnOB6ivCYocVkmIZAM9l0bKMoSrZ9kTT3XIgfD27+xKnz7mz5NcxoWU+QOddxzIFYgIMsYl3PNT+1Jq2Dfi8mq2cqbtmE3o0XLtJQFivIhTWHclJAqdqqSJQbdRsghhDqNAbWCK0gi7tIiEXtCN9qxh6iM5f78BpN/ro/A9CE4RzPiClhablRtPn355f5vc/wRP0EDbYDlMQtBqQwlPyUzwlW1B3SA9wS6ZPoh+lERFOhFsvDm0/ojYOVGjwJTLsMXuj86PigFiTR25po2OeD88uzNPL0dnp6Vlxkm1NkM4E2mORJjJIe+qpJ+14Iat8rXrmcOq+QXwxT/sXX2YX52enN6Mx1Pw9mpmb72hDoNEX9t2C+8FXnL3Y5FsJOy/wn3H64bu4tOsE+J5bGz/jxNm7bBAfZL3eraawJmviBVegOuZIUMiIbpIuN36SoweKT0buujHEwbb+TYrvtP0sRTEfpoh9KZRXss6llojazU3gJyqAhnew0g2wyW4LBjakpqc30X/v757ZUaMnajkImOEt98Gp8XtuB4ASe59GJ9AGjRft3LpYyHeqoov2u5nZhnjHyDw6Rpwl+IiJUOiqsbnbUNppj7uh/s7e7SCouC6rW14cUOPJaFUAZYC9eXTdPGVZswfpRL1VkSFrvu+Fo5dWLWEhySTa5R4pNMdJUOv+KiRJ8O85jlxcC8trIHWg8eXEcYBtVikLn2OtlOBFoWlmCBUuTwnydt3/KFv8DnOnIa5FfChDaI47nB8p4b+SIa7Nu9gFUv7QsqcgaccivJJJKIpLFrpjEhyDAEsHW8ouPGnwqBbcoAQuj5w4jzxqd8KrwXZT3SE5x1cPUPhhT/LC7cwrG5q3Z2me7jul7b9BJWUOQCQb7BW/ndCZKUurLMh/tFup3eOO/xNqfoRd69OzdmaY4lVhARUm3c3J/2ZBPOGAptH5xsVJua7QvadkjkgvgtlzMSxtqJPYQTb6VNNM4KGyWOdwnNjbMuQ6jmMxanXF8ZiLSy0oaFdf10+FFZV7ZmoowoX1lWy4hkBa/bPUUSujpTghsReTvPorxaBU3uEfYATmepUiiYJ/jzh0vlCEvMc/nldIpgRpX66FbAre5IIUj0Dg+JFHZ3S1nN/wA9I/agjXREpVX4Dt0BftfuzqFV/jDv/6lu4rmbdTK6Nb3aGvvOWAyIF0rUsWwUnKX4sKoYtjmuYP35HnGtUuwNRaRTVo+WGk2iCEqgRmwkc79SITsx9D87aeAFFrHYUNNbqk5M72vJT+4DmIXTFfh5B+gn0nJydr7JwwlX8FCGt7e7J2E8UoJUY+C0bkqzY8svi3o4hN+Sombsf9tvfokdz+1ZZj5r3xm5OEnzd2kz/ltiZ787XjByct5hFT4/VozjuxwRI0NYkalSM1b0XiF/5qAi1++IR2/mXB+hPHVXFz', NULL, NULL, NULL, NULL, NULL, '3417EB96-7E46-11E6-EBDC-7720AB291673', '00505601-31b1-a1eb-b3de-e11fe81b89fe', NULL, 'Tx6b6fzmQFM0yC6jtRjowFbwRok=', 1);
INSERT INTO "bpm_model_revision" ("revision_id", "model_id", "sequence", "description", "created_on", "created_by", "status", "runtime_model", "designtime_model", "target_type", "target", "norm_time", "overview_form", "runtime_document_id", "psl_id", "default_language", "policy_digest_id", "acl_for_subprocesses") VALUES
	('080027e2-1180-a1eb-b821-5d2071249873', '080027e2-1180-a1eb-b821-5d2071541873', NULL, NULL, 1625814935486, 'cn=SYSTEM,cn=organizational users,o=system,cn=cordys,cn=defaultInst,o=mydomain.com', 'ACTIVE', 'eJztG1lv6sb6ryA/3SuVDAaSkAgsEeBUSFm4Sbo9RV6G4Hu81TMO0F/fbzZ7HGwHfHLaPvQp9izfvpuMkzR2MSF+RKgdubizC4OITIwNpck1QsTd4NAmZ26cenv2J0ROEiJ1GplnPaNzs7p7xG8+8eNoYvRGvV7/Eve7pjnqdW0TO11n1De7516/d2n2h1ejy4FhjSXaMPZw0AInALDdr/arpPf66WG6OgAAWyS2k7M4fUXsAeHoDQdxgpHRhk3HJr4LdK/9AE8M88ws2JBUkDCHuN1uz7YDjrrf652j3iUggVMS87UCfRoJ4i6sN13z8NrOAqpOR6TfdDqKqb/2XZuC9tA2Tr+ug3irY4vIoOn+jzjCqR2wG6i4Mmy64toEliLQXogjKnAFdvSawcrEkGKK7BBeZim2Kf4FyAp8QhcRTffL6F4j+REnMfFpnO6Njhe7GYO4nE+MwdC8XNxcXXQvF8MLsMXFRXdxM190F+ZiejWaDs4vwAw7jF8CloTZFVBT7/yiZ3YHpmNKyx14uItNc41HpjO6WmNAgon/Gj37Iafqg8te9+pi4NjrdV9cFtqkPid9YsR0g1NYJXe+m8YTg6YZBqNSOr8G60pwSn1MtEUmGAtcjqAThDNG5fsFOODHTf2EHbfaAdQhFHDDOGIHLcaTdlgt60z6cerTvTXQjuWLxTk3tcnmEbvxG0731toOiA63vHtAxi0Gz7dM85ASsVNcWGUOML+5WT6ndkSSOKV3EKOsnnaz5kgB42b5sx1kmMxvfko8kOgBhMoDmk5yQ7aOsWNdF8XNApxm5dYxdqrB06+WbObQB04FXQ2kQOJHSUZBODYqLWoOZHH/0UCWd4tbcUarYAm3e2+harlkjYUfkvCaR6hTQj7YpEiOPNT5YHc+mC8FxUMMeGHZDKAy8ng6zN++KVWI+FlYO2QpFnDtBLAVL61SL08vRBPlSpOPzIj3gL4N8NMDm4Ywxz4vQlIbItrgn+tRMM3ACkM8z72xDRXHuf4BKmusOW0bvMf5cSkycLtlIaCx+DsfmiNGsjo9TmXV+OFNUTYCs8WFwj1160OFacOL9KPv4lB4h92MaduP1jE4Rem9XUWb8wGuBVkpov/LcIbhBZWA64yhg8DBw8opwcn3RBCSDMrqscPhiMgkAxbiL3GEmT9ocTTFAYaKznap/wYpW8J5onZKFXTT6HCHYaqLpvLgLMgIxSnUTgYSnOSw4Zmy3MpvdLgsOJgzD44YHZK6CsGHdIgECz4MS3NMbT8giqp+I1WmoqqgpJawvk5YFcYPyVxEniJr0EhW/wSyBjpZHAPI7BXD3tqP7OBF6FjC4y8cFN881YSqILJdjXPFsit4sca5DFp0Y7lhlcyN7hP28jx9fGZ5TpR4fvTakY9AJyscjY5e/YGuAQ7ZR+4mheU/sFwVdqmI/Axy+0aTVQrif1ncPC0ef17OFqdwUEu/HyYB77NsYRsqkvxEcPrMEbpZmsL+wzZizYggwk6SQOY6oILRzGO91aKPHKPi+pi14SGmm9izKkQwRtr+GGI4a+u/sHA0YwWyKNQOlsdUleEdFgYnxv3D/cvz4/T+aTp7Xj7cT29fHher29+YNBj8x9VMtQ/qFZJJSUx5iUTa6JrQPZsQqFqcOz/Un21AZQQABT5lLXZRuHWawTS09PXWxyYqIMHWkB0s5Ke62Er1MhRFkuY5HARjjUWB/o8W0COYcBwR/FcISuGqEJiQlKzBP43fGT/LXUqQcByX5dnPe8Y0cFWqlxyoFd46QGJkTSGDAuGWP/PIKR5fHLyOU/wCcbQI/JVbrJCSM5YUJwGEnmkQzDZ+4EGkg/QqKq39xIhI/7pCAahpfUlxuPT4JEhV/DUBnYBEXKoVjYcla9FkpnFMxf2lXFp6iOId/c9/FaSHgi2xMBOh+x7CHotujRLr10us/50lxooYSCQfS8wav7G5iGzAxki8QQ7mJH/A4KCewcF3ZlCssHR6ApOqvzxkE73zhE+tQXIxiYKQp/vF/fyTyiUceQ/rlU03MlsX7zoXqL4mzHd4KSmXAfBCFS6rGCqTfUe23S3GxNPZ7Zc4fcqclQCBCSv2AYPoPVYpEBRgiFGi72F2WKxp24DTq9nKuNprNqFTw7WbBAT2IkNi3ZGMJHCqlioCVUfNJogyhDq9gSXC6ujSLpJyQe80YOWjD9n/630460kfnP9DiIKwLsalrOC03Gjy9NvT8+LuB3iCTsIG++EKgoYDUnlKfognZA8qD9kBYc3sSXalLDLCiXDvxaHtR8zOgQoNvkKGPW5zbJqUH5Br6sictTvmRf98ZA6vBufD0TA/ybfGSGcCHbDIEhqkv+Kpo2x5qWp9rYoWcOq+THwxh93Rl9no4nx4M7iEyr/DMnTznVlv0Z1/uRrNer2pyb9m6LWL8oU8F2m0iLL/CadvvoufbfI133UCfCdsT5xxYrpRTeO9quLbVRrWeEu84BoUyd0KyhvZYbLlxk937ED+acndNgY92Na/XYmdUz9fMcwfU8S/KKortHUBJuN4c2P4iQpgAR9sdgds8tuSgR2p6fNN9Ovd7RM/anRkhQfhM5wLj5wYv2d2ACix92l0Am3QjrF+ro2FfKMq2mi/nZntiHeMzKNjxFmCj7gIpa4aW74do511vjvm7/zdDoKK66rmFeUCMx7K6gQoDOzdg+tmKc+hHUguxVsVGaoS/FY4esF1IiykmETvuUcFmuMkqPWEFZIk+PcMRy6uheU1kNrT+HLiOMA2r5+lz/EGS/JSoGlmCOUuzwjy3rv/Ubb4DebOQtwJ8aEMoTnuCH6UhP9KhoQ2b2MXSPlDy56SpHcW4ZVMoqC4ZKHvTEJgkGDZuKuwC08ZPKoF1yuByyInziKP2Z30arDdVHdIwfH1PZSB2FO8CDvzyobmHViap/tOaftvUEmZAxDJDnv57yt0ZsrSKgvyX+1Wave44/+Gmu9h1/pM7TQzTPE6t4AKk27n5H+zIB5xwNLoYufipFxX6N5TMkekF8H8OR+hNtRJ/CAfiBYzTuChslgXcJzY23PkOo5jMWp1xfGY80snUHBafV0/Ky6oPDBToyBcWl/JhmsIZNU/Tx21MlrJEwp7Pt+rv5KPT9Ud8VlGYq5XKVIoxFeKj87nilD3xAf1CsmUIB3KNZdNzptaUOKRCBw/8tjUrpbzG3FA+UcN4ZpImepzsC36ovefwDr5N7qPf6XL9guZn6ZWTndxh72KlgMiB9K1rlgEJyl/Q8qFLo9pmv/4jjrXqHYJptYqqkGrzyXVBiFVJTETMdqpF5mc/Riat3UkiFrryG2o0SUVd7bnpeyH0UHsyqk7hPQz7DsZOdti54yr/EeAsLX3Z1s3KRhlxKhnyYh61YZHlviiFPGZX8X87bjf/x49oDu82mLwfDCCc5Lw80Zv6mff1vhgxnb88OSEmcTEeDmJ+1as8ETNTKNG9aiYwiL5HwHFXFr+KAq9+xcH60+OWocm', NULL, NULL, NULL, NULL, NULL, '3417EB96-7E46-11E6-EBDE-E1EA98A35673', '00505601-31b1-a1eb-b3de-e11fe81b89fe', NULL, '/3MVWGezOrOG1Qj+X/aOBJ6unBI=', 1);
INSERT INTO "bpm_model_revision" ("revision_id", "model_id", "sequence", "description", "created_on", "created_by", "status", "runtime_model", "designtime_model", "target_type", "target", "norm_time", "overview_form", "runtime_document_id", "psl_id", "default_language", "policy_digest_id", "acl_for_subprocesses") VALUES
	('080027e2-1180-a1eb-b821-5d21e8721873', '080027e2-1180-a1eb-b821-5d21e8979873', NULL, NULL, 1625814935525, 'cn=SYSTEM,cn=organizational users,o=system,cn=cordys,cn=defaultInst,o=mydomain.com', 'ACTIVE', 'eJztG1lT6sj6r1B5urdqsAmooAWpUuRMUaXIVWd7srI0mnuyMOmOwPz6+XpLdySJkOOZmYd5OHWSXr59D47XWepjQsKEUDfxcWcbRwmZWK+Uri8RIv4rjl1y4qdZsGP/xchbx0idRvZJz+pcL+8e8FtIwjSZWL1Rr9cf4n7Xtke9rmtjr+uN+nb3LOjbeDTs26PhwHLGEm2cBjhqgRMAuP5X90XSe/l4f7XcAwBbJHXXJ2n2gtgDwskbjtI1RlYbNj2XhD7QvQojPLHsE1uzIakgcQFxs9mcbAYcdb/XO0O9ISCBUxLzpQJ9HAniLqw3XQvwys0jqk4npN90OklpuAp9l4L20CbNvq6idGNiS8ig6f6POMGZG7EbSF85bbriuwSWEtBejBMqcEVu8pLDysSSYkrcGF5ucIQp/gXIikJCZwnNdvNkYZD8gNcpCWma7axOkPo5gzi/mViDU3s4u7447w5np+dgi7Pz7mw6mnZ7w4F9Bf/s8xlgZfwSsCTMroCaemfnPbs7sD1bWu4gwF1s2ys8sr3RxQoDEkzCl+QpjDlVH1wOuhfnA89drfristAmDTnpEyulrziDVXIX+lk6sWiWYzAqpfNLsK41zmiIibHIBOOAyxF0hHDGqHxfgwN+/Cxcs+NOO4AmBA03ThN20GE8GYfVsslkmGYh3TkD41ixqM/5mUteH7CfvuFs56zciJhwy7t7ZNxi8HzHtvcpETv6wjL3gPnX6/lT5iZknWb0DmKU0zNu1hzRMK7nP7tRjsnN9U/rwKV4D0LlAUMnhSE7h9ixqQt9U4MzrNw5xE4NeObVks3s+8CxoKuBaCRhss4pCMdFpUXDgRzuPwbI8q6+lea0CpZwu/cWqpZL1qj9kMSXPEIdE/LBJkVy5KEuBLsLwXwpKB5iwDPLZgCVkcfTYfH2TalCxE9t7ZClWMB114BNv7RKvTy9EEOUS0M+MiMuAH0b4McHNgNhgf1Gh6Q2RLTBf2NGwSwHK4zxTeGNbag4zPX3UDljw2nb4D3Mj0uRgdstCwGNxd/F8AKKvzFSp8eZrBo/vCnKRmBWX9DuaVof0qYNL9KPvotD4S32c6btMFml4BSl93YVbcEHuBZkpYT+L8c5hhdUAm4yhvYCBw8rxwSnMBBBSDIoq8cOhyMikwxYiL+kCWb+YMTRDLwFKjrXp+EbpGwJ55G6GVXQbavDHYapLrmSB6dRTijOoHaykOCkgA3PlOVWfqPDZcHBnARwxOqQzFcIPqRDJFjwYVi6wdQNI6Ko6jdSZSuqNCW1hPVNwqowfkjmLAkUWcNGsvpHkDU0yeIYQGYvGPZWYeJGz0LHEh5/4aD45rEmVAWR7RqcK5Z9wYszLmTQohsrDKtkbnS3Zi9PVw9PLM+JEi9MXjryEehkhaPVMas/0DXAIbvEf81g+Q8sV4VdKiI/g9y+1WSVgvhfZtePs4ef59PZURz0azkI43XEOy1XWIeKJT8RnD1xlH6eZbB/v0lYOyLIcNfrSGY7oINRzaO906KTHCN9fcwa8RjT1zRwKoQwRsb+GKI4a+y/sIA0ZSWyKNX2lsdUFeIdFggn1uJ+8fz0cLV4vJo+ze8XV7fPD7Pl7W9MGgz+w3KqGgj1CumkJKaiSCJttE3ojs0IVDXO3R8q0DagcgKAopCyJluXbp1mMA1Nfb39sZkKSLA1ZA8L+ak+tlK9DIVO0zyLg2CcsSjR/9ECegATThOC/wpBKVwVAhOSklX4p/E75We5SwkSDuOyPP15z5gBrkr1kgO1wpsHSI2sLWRQIODyZx47xeOzh1dphp8hkurQX7nFSik5ZcnwOoLQcxVF09cwCiDSQYIVtdZuYiWkf1mhANS0Pqc4ngd8FqRq/pqQTkAiPjXKxv2iVbeZWZpScX8ul+YBonhL//NfBelesyUWpiJ0LyDssejWKLF+vcT631lirIyBRPKxxJzxG5uMyBZsjMQbZGFO8gcMDuoZHHxnBsUKS6dHMKk6zH020TtP+NQqZGiZRadI97PFzScVTDgJ7ldLl77KbK3fTS5QfVVY7PBiUi4D4JkqXJYpVCa7jmy8WwyKr6a3X9LsMfeWAgQmrNwHDKL7WGZAUIQhRonOh9mhXjO2QUdBzVbO1V6zGUjjrtwkILBnGRLrjuRkDadqqSJQddRsgihjqNQbWCKski7tIikX9E4DTjH8kBMAsxNnXem9938IURDWxcCUFZyOn0wef3t8mt39AE/QS7hgP1xB0HJAKs/ID+mE7EDlMTsgrJk9yb6URUY4Ee+CNHbDhNk5UGHAV8hwwG2OzZOKA3JNHblhDY993j8b2acXg7Oz/qA4ybfGyGQC7bHIEhqkP/3UUbY8V9W+UUULOHXfJr7Yp93Rl+no/Oz0ejCE2r/DMnTzHT0M6s/E94yG5sKgRBT9jzh7C3385JKvxa4X4TtheeKMl9JX1TQuVA3frs5wxhsSRJegRu5UUNzIDpMtN366YweKT0v+pjHkwbb57UrsHPv5imH+mCL+RVFdoa3LLxnFmxvDT1QAC/dgsVtgk9+WDGxJTZ9vo1/vbh/5Uasj6zsInvGN8MeJ9XvuRoASB59GJ9AGzRjr5tpYyDeqoo3225nZlgSHyDw5RJwl+IiLUOqqseHbMtpZ37tl/s7f3SiquK4qXlEsMOOhrEqAssDd3vt+nvEM2oHUot+qyFB14LfCMcutI2EhxSR6zz3SaA6ToNERVkiS4N9znPi4FlbQQGrP4MtL0wi7vHqWPsfbK8mLRtPMECpcnhEUvHf/g2zxG8ydhbgj4kMZQnPcEfwoCf+VDAlt3qY+kPKHkT0lSe8sIiiZhKa4ZKHvTEJgkGDZsEvbRaAMHtWC65XA5YmX5knA7E56NdhuZjqk4PhyAUUgDhQvws6CsqEFe5YWmL5T2v4bVFLmAESyxUHx+wqTmbK0yoL8V7uV2j3s+L+h5nvYtTlRO84MM7wqLKDCpNs5+d8siAccsTQ62/p4Xa4rTO8pmSMyi2D+XAxQG+okfpCPQ/WEE3ioLNYFHC8Ndhy5ieNQjEZdcTjm4tIRFBxXX9dPijWVe2ZqacKl9ZVsuIZAVv3z1FEro6U8obAX0736K8XwVN0RH2Uk5nqVIoVCfKP46HyhCHVPfFCvkEwJ0r5cC9kUvKkFJR6JwAuTgM3sajm/FgeUf9QQboiUqb4A26Ivev8BrFN8ofv4V7psX8v8OLVyuvUd9ipaDogcyNS6YhGcpPwFqRC6PGZo/uM76lyj2iWYWquoBq0+llQbhFSVxEzEaKdeZHL2Yxne1pEgaq2jsKFGl1TcuUGQsR9GR6kvZ+4Q0k9w6OXkZIO9E67yHwHCxt2dbPy1ZpQRo54lI+rVGB454ntSwid+FdO3w37/e/B4bv9qi7Hz3gjOW8efN3pTP/t2xnsztsOHJ0fMJCbW81Hct2KFJ2pmGjWqR3oGi+RfBOiptPxRFHr3Jw7Ony8Khfc=', NULL, NULL, NULL, NULL, NULL, '3417EB96-7E46-11E6-EC8C-0731A73116E0', '00505601-31b1-a1eb-b3de-e11fe81b89fe', NULL, 'B6GpPfkNfNc68hcBY85Q+v0n6bc=', 1);
INSERT INTO "bpm_model_revision" ("revision_id", "model_id", "sequence", "description", "created_on", "created_by", "status", "runtime_model", "designtime_model", "target_type", "target", "norm_time", "overview_form", "runtime_document_id", "psl_id", "default_language", "policy_digest_id", "acl_for_subprocesses") VALUES
	('080027e2-1180-a1eb-b821-5d238f1a1873', '080027e2-1180-a1eb-b821-5d238f3f9873', NULL, NULL, 1625814935568, 'cn=SYSTEM,cn=organizational users,o=system,cn=cordys,cn=defaultInst,o=mydomain.com', 'ACTIVE', 'eJztXVlT40gSft75FQo/THdHNMiS8QFjHAG2mHEM12IzPfNECKkM2pYlj44G9tdv1iWVbsnINB07/YJVR1ZmVuZXWVUp9XjjuQbyfcvxA90xkPS8th3/uPMYBJsjWfaNR7TW/X3D9cwX/Gct32/WMm8tK/vdjnR6fXGDvlm+5TrHne6o21WHSN1TlFF3T1fQ/d79SFX2+qbaG60UXRkNe53JmA27dk1kbzEmENCNr/oD4/docXVynSEAVb6rb/Zd70HGP2TkfEO2u0FyZxsx73XfMoDvlWWj446yr8RiMC78dUTx6elp/6lHhla73b7cHcIg0IqNfMRJN2OB9oXysm4mWumhHfDWjq+WtTZ0H4ocUOUaOQEdxtadhxBKjjuMZ0dfw4PmBFbwIs2Qbp5bDpIuXMcKXM9yHqRrqoeOZLpGiAnNZ8eds9Gp0h9ovb3BQFP3ThRttHd61pvtTWfa2Um3r3QPzqYd6cn1vvowmwh3AVV1+4OustdT7hVmPT0T7SFFWaGRcj86XCEYBPnWg7O01uhLdWdz73DQu9dXK5V2phoNLD0g9roGtkHUjgSlXvDFCh4vaMlxJ/BCBHPMp+AIJnuDvMBCvlCIVTPBKrFBJaehZZugj1PbNb7ezZYy04tcrbqxnCQZjwDSGp61wexOGtERO8bk1rTLBEsnNObForgWUA5eJj2hWVQYtzM83X+8QYb7DXkvabLJygwX5wg8cqL2s4zQmrjDdXhvW/7j6Xzp6Y6/cb3gArBj0hV6FjSJaZzO/9DtEPmz09uNqQcoQyG3gTATkXFP6ti2OBVxz5icYPmTOrYr0BO7Jiwl6xdNSecTiQexnE0YgHL0CeDQEbfEa9e2jJcZCnTLFm0wbi1SEDxwwhww0Uesj/ulPTRta5n6uKsbBowPeZKw5tij/fURQbsmWA5GTVc9ApsWGK6l20A7APRw7/AyBVTxqGSdi55etQZQLI7dhcq61jcwWvyw1ZpK1g1fjvV2LeiHLXWXMPw2xFuBSIGHiKFZjHLb8NVg2JmIp14IHddoFjn2NoPXQ5HMUJOx4P/bjFsPEhIgQywYo0lpfNdbHUJ8N5Z567HHAsPKnjQyBGHjDrGjinbo3o3urAB5OlmtDBeUAxYbuIFuT9mDnGwjx24BD8wHd+KM6BkZIbYPy1m54FCJ5+3C3EhykAuWRCf4d4hChIVMEBcFkzOgQyCpCbBZJgUwJiALKSVCh6IaAzuZPLgOMJZY3z1kI4gsdSOwvmH/onQWGKE5daUjbVzfwhLMnRPWcGqHPkwcBHMdmUoS0YbfAV7YSQ+J6IKQ2TehCcRvnsEHqOTjyyPE8JyPUSkfao8zEg9eyMto36cSEmboKJXMaL6h22St82PwiZQ0LOUOquXKATi2wUCLwN1c+BH1wUG57N1GsgvzUFd0x5TclbTOiN0v5+ugAV/KMDEp+dqu5PRXFMQ956ytz9lVyyep2Ryx0DOepWH5LCn9ZtoQpmlLZeBpC1xp6sK65IRIIrMtzQngAq3IdvvdcsYPGzCuinwXzEYl42euJ2m68SjFvSNmD8t5bQIDymHC5PJGrYZKmAlQatyFhyMiOKjl2KU08V9gWtDwVjwzd4a+5667iXy5AsIaObOahNhSLdV06qV7ilgvZEaqrVgVmvA8yppucswa6GDrLxHYlHtVE0NVuyJrdJRKZiBuMb5iGV420RoKq2QZT02mWIWA5E4diIwlRqzkj+kV0GllPYQeMucO9I04HZRy2gRLCae97vacLpBjXsCGmfPWK5/ZYVPeDoev1uIleg4E7R2W+/KoCYeJKS6YtEo26WKZhfOD8jVz0IDR5AxHc/YeWEtOcGrK6sB1BHfdcrxrslJjjF5Zjm4n1PYqoH77xRBkQM8GIpv9fd22WxZD0jjxiP1eOYQqShP2e7185QvjbrmaK72KaLTR0niYtZStIo83CuyGB8n1Midmr6XWpSvRHpKArcMK+20CDBDmZxS7bbD/6u1pfZ7zXG5LtumeBFtu1tdGFa7WZBkb9TL73vSodT0t7hwxWq5etYmvDYpsl58J1GUTt8/xs2F58KI2wa+cBaTmicKuTnb6CU/KHlvAnuQBQUvC9x09J2PUyQMhTCqbHsPlUcS1giq4Dgwq2mQcKWWLa+7ocC5xZBdA0AgPy5ObZUcKfaQ9Wz5s/h/Sl6WxTrh6WJUk3uuR5UzyXxzj0YPi/yJWSpZodlpLLlk3YRAVSOWSRNfeyQOVxMUUyRvwgrqU7sHE1sQAqHRJmvPZWMbUXk8T34vwU4x5gNbtUL71kTe7bJNH7ELxeQu+hVng64HbmzkfhR+1k7N7MnlyPJ0yN8s2DFTtVJzMUYvVLq6XfwEM6B7IwyEAJwuQtau+veINboG9bjzAIXxnilUGopHfhEv68+4erVwP3QHPsVvlVuGjfpaW4KGNDao9se0pIJoJ3IMQ9C7g5biDb15joZlxy8lSH2Ki5SO3VaYXkjvBL7FKztHQM0jl43sYUF0AmAKNn+HXI0TRE5gWPkMw5H4yg2TfAgPGjw57xgZ9inTnNrBsDOvmR8N1DD346AdY7R9//jt0g19+toNfzqAy39SYmXygbT99NrBOjo4KL6DlVINy4+WtA9g4ffz0OcHXB8lysPi6ffwB28WHnx+CX376F2b3bmXZUIULYiUCXAahf3wNu0QggpvJQrufJPiX6sv546ByvK2QIjKViVTMFMwp8k5fcOGZ5SGcA0AbCxU/kZLiqaJtqAjRwE1EobCVFODTJ3zdxU0SIwlxnwm+mk04X6sQg88ASw4KqwEGdqRvjDDKqBhiaF2rGJPSSA62pA9X2aXs3FnAGmPwFUby2VOcA8IaYj+9o5s42uYq5p8WiOzLVcpRS5SjtqKcWcgvQSq1sTuYBcaMEHhDnJuPWUfMsp9bmWCZN+HoUNNLy+ekVzInvVbmZOoCGhNhyJF1tZlyc2zsAzIFQzyOTJVSaLfT0MOQcemaNK7fJZKp3U7yJoFi10w7P9k1dlnrDQ0mWTaXySxSMl+AI8vgMWa1RzGFjmVOAgeZKertai2yzOSVB1Xe/HJ6fruY/6H9erLUvuxcjxucaga7OxwN2WwPladff2NbYD4YLZKGzmyUngwb3CPiaVjptl86DwkvYpPBgpWlZz08II8NQcvGcjTIZOzplo/IZnqSvOEZy0LVmGQj5zGPT9x3wjk+ztfW0LIW0+wqIJdpniOT4PsqeERefOeSpchO8FMUGS2826fTuWNDH3Qq7s6oyV/fXE21xWJ3lq7mmLQU5TnhyHBJGDEodl49OciLs/CxCNKTbgWw81mE90wWbh/1Aacc26/u/wPofYNWyMPOGKGSwAR4oRt64Kihj8ByHUZiQQq5PlLmC3Inc6V1H4KkSAqwsnQmNR4wSoElD1wRU92273XjK1fYJJFRi0sjdjNNxzzDW/IZu5gRQQqyWKXNkW/y5ZYtE9+VFd2mvV38DRhxtbqGsIypO35uEJofHBSH5rSuhUgnrSX/BvmbVMST0eTu4tAwNRTdHbccjObvQ/esqAE5UjPVVLDa2t40h9BrxMEr0tJ9D/vfXhQ1xokK73HT2+sWexata8GzuAqwQ4FfpbcRQlrArpzJZ0Ocee6a2/z3caXv4AAtj5G/lP8YAEF5n6EVScGGfdE7gAqcF5SfN/R2gNHu2V931BHTZJgYl7M2hCi5/CoJNdqVT43kK0+u4fN3qs1m2qx8B3C4iyODt1RKr5dVipg+wJTx51S7Xs6vLnerho0LHJaugPoKVpc7wndmBUzVvVFsWZBp9Fbx5Rkwi8z/hygz9bKk+IqUnG7iuW5AX3OLLpnTS3jxopEywpb97aBTkGxGPW16dbmcX95qLThaCea2K9Nhpywnjcp1dnWjnUx/29m9tMqEPQmilzJY95wTQ37VQk4uMvcusNcX68f08Dp9epFzsVN6KldxTV1yv8jjbzm/eixTBnd9ZNYflltucaTQZHbfQaAwPEhn1CRfUeKH4Uvt5kKbzU+W2gUECCe/aiVpQjs0+xz7ZmdT5F3+a+1mMV8stctllJhC3/EvPNFiWUhbvbz5qsQlMaW0jaQlSi96Q/+t83WGYjydToClRoRNaH4JFrRbz2kX7mMcyM+TbRA/7+TGrW2BR1GInJ9hWytEfpc7vn5XtNDS9xvrRCctbQhblXGQB+bRO8GtQfluLoJ+WCSPE6zbwHFM7fuheDcV9mSSwakRnUJ8+/uP4xejdDQnpuL/mBIlUJoL8eW3+bn2truL4vt63ANfnAo37juO2VOTvM4u0xC1v2F0Hn+IKJPBL37UKECsGAhr/DKcbpgk4da53gfaTqbnietx5ONEEiBMP7Jx7QEfNnrAd8b4Ax8BMB+XCdUeDFJQRU9lCipNgLXCSnzFcRd9EEpoIjP25JT8k+gim32hRvxSDP4GCj3iB+Sl3wbDRysTwzle/AVLx8Vn+OV6DzrMHrE33cYLned/do/9F1D4GjeghoV/MWjGW01osX4x3bVuOdjkgAuBPh8MmWTGq758FHVm7Xn3GX5tRBmo/ZFycNjr9weDqCWpGsuigHJGfFJwEa0DfAnbwn1aePGCORhZnjoSN3eazcFe6OcW+WUxO4+ii/iDT/XMm0l5ezMv+v6gtjc6nA0HymFvir8/CMCy2QCnxABMym2iDDOOTzHAcVOFYis6DbU/DJfXcxzo/tcZsi2c4HFBP6AEHr+y3aeG1BNdEoNFAsYhw1vbRSrczLUIknO/RibGnwv+gca3tg/1H/v4HvaROVt6vxbSO/jHQhBfeuKVJqDZoNFXGHNXhGp74vZBUiszb7iw1yihqg4NOSaSfdluK1L0kuZVXBS/kdSYrJyrYyhPzwXeMDoQ4kS/Ir+am3W/2JtjenW71o9ThUGox4MDRaX3Nnd6VucGj/wdXKxH8tXC2rbF8iiKTFL8jPSTb9r869FHz75Z8A6vIv95cb4g/YWPNncboOFdHR1tJTAGHph+YP6ItttGmqAmtFc6OVYuKY3HiDNbZuRTtPjbl3Q9YScisH9Zz+gIx52/Q922VhZ5IWsbdTCaKU4rFfBcqy1dwJ79I3p5mx8iz2dkx/id+MjC4ffihiLqVqPnRRCpnQexdzre60cQzuBapV/59u5Oxsp9r7EdfYXJE/NWiKbe5mqRcjbHs0XiBekzLVtneVyRP5wcrwU4YqDrQ3TiXeNrCqQJ/nmXQTYpOsXGC2AmiiN5Tjk0clAph1I+dqXpMVxJ9Y/Rpmj8MjXm81LSQ87bUlVd+Gb1moK2fOUmG9UYOX1BkR03AXj5o4pNSsbM5ILkjFoJg0kOqprnzHEh+BVRTjbLs5oI6lLq4eU5fVJIluyYrMzpnUWrJIFMfZ5v5INSylVyGyXmWBbC6Am9lnLwSagc7zdk9j+2xEe27PvU/JGfHUz+B4I+i7g=', NULL, NULL, NULL, NULL, NULL, 'F8B156E3-66E2-A1E8-BF3D-CDEFA05104FC', '00505601-31b1-a1eb-b3de-e11fe81b89fe', NULL, 'CKtNCkCX4bYXrQDVF9mbiSsKP84=', 1);
INSERT INTO "bpm_model_revision" ("revision_id", "model_id", "sequence", "description", "created_on", "created_by", "status", "runtime_model", "designtime_model", "target_type", "target", "norm_time", "overview_form", "runtime_document_id", "psl_id", "default_language", "policy_digest_id", "acl_for_subprocesses") VALUES
	('080027e2-1180-a1eb-b821-5d3ecd189873', '080027e2-1180-a1eb-b821-5d3ecd3e1873', NULL, NULL, 1625814936282, 'cn=SYSTEM,cn=organizational users,o=system,cn=cordys,cn=defaultInst,o=mydomain.com', 'ACTIVE', 'eJy1Wulv2kgU/1eQP7VSwRhCShBYCoFKSKVlk3S7+yky9hC89bWecRP2r983lz2+OBznE/Ycv3fMu+aZaRSHNsLYDTCxAht1Xn0vwDNtT0g00XVs75Fv4Z4dxs6B/vj6NvJ1uVo3en2tM9+s79FvF7thMNP6435/8BkNuoYx7nctA2272/HA6I6cIbIdY3wz/jzUzKkg64cO8hrQBADL/mU9C34nD99vNyUAmMKhFfXC+FmnDzoKfiMvjJCuNRFza2HXBr53rodmmtEzMjEEF9hPEV9eXnovQ0Z60O+P9P5nIAKrBOWJhL6MBb4Xxo9tc9DOSjwiVwd4cGy1bWEYCkCVPgoIJ+NZwXMCIzNN8BxYPrwsA+KSwy0Yy3OA0AMKnOXacr0N14HWcUI7oSCrxUwbXhmfl/N5v9u/uVt2b43luDsfX4NVDO/Gg9H8ajgffNE6L2H8C8NJIroF1NQfXfeN7tDYGsJyhg7qIsPYobGxHd/sEBBBlPyj66Ofpzc73Zvr4dba7QZ8M9cmcS3CbNUHtkFMrQOjMfnpkv2aj8w0EicIzleqfwIHHaGYuAgrg1QtptTHPHE9xw2e515o/3paPOpCLwjrxxU31fOAGT7IasduRJnVlWE/DFwSxiblUdksh1Wm3TAGyuZQWZYOZuvs2ML7e2SHv1F8KMLmJ0tcfEXgU6YxLDPCZ7INm2TruXg/Xz3GVoCjMCZr8H6zr+ysWZJhzFd/Wl6C8GL+I3IsgkoIlQsUjaYmap5joQqwsjODU+zXPMcCFTx1a+7Ey9Z9KXQ1SEbEDaKEgHIsEyLJhJmjD+b4JQ59aaMKWrZaRVD8yBRulNujzmf7in5WtLXSfLY1TIjgA1xBr/RL7E9YvLokGoNR87zFAp8LhutaHmATiAHhE000gEqpskyVvr0pivNomrkLl9W3IqCWvTTKiizyYyVYbBT9iGT1Dcg3AW8h0CkcmNM4gdU+WqSO1YSp87y4RMqcKv7XhO55LplzcmZB1JuPVkhDZECFNNXl6mksSquTO3ltBcJmGzJHUe1Az4wMXoRFv4tpo1dkJzQGuMEuBPPMvTcr+1I5wMghwQTkjwQliMaEHLgqmF5yYebgl4QJ1+HhQAgoSqwOw+ExQoQOnb2EATCWy5Yx8hBUWpZN3N/gIgLngcY7iW5onSjELpVgFdyKhXdeggmKocDRdC5Jig3PhKZJtqPDdMFgeg4sgZomtiWB03xU5QDJ1+AoX4bkK+OllrVBjrVKmidZXQaOZGx0lLHBBYyNVMYYBdDbM4K5nRtY3hM/Z4HHXhgUm7zUjKoQ6awiuRTZ5rKY01QHDa4tqXHlTI4cIvryeHv/qHUSjJavLiYQ1IsFsKjlYKYjHsVUR63ywAzASvAhsPcxDP+HxCgzWhFtWOEMKTwd6ByXJL3GHDNReg+MyblIW7Aonx05l25FkL9yIC0BxtuQqPWFAc1rbaB9CWMfxUzah2T7D7JJy6jz0Dm0BylPoz11fkMvbUsvIdsSHfDal/sHRvHim0SSeZqlceY5euZLuowJbUSHwXEvE9Fiud48/n1JTDBqY0IUQ2in6FR6kIA9M2b449MW7cIYPQFrWeiqnKLlgLjOxyjyoNa69by7PZSoMQogQfB64TDT6F1nY8UYcQHvwoDQhkc2XPY61m2QN/Ba5WA4RJtwApVLGI0qdL7zeyYBH1AF0E8oZ1CvnME7KYd60DtphkO3oJZhvVqGbaqlEKjaVEsJugW1XNWr5eo91NK2qeRxW1DIqF4howsVUsn1PcJRGGDOPZYr5OhZqqG3JgiXmF7pOpFFoCCEta/wtDfgRgRhXUZ4oNHLt3N7LqQm+hqId5qq5sgKfhDX6+Eqeh8woZH9g03FnEzqz0NZwBOgHCHolXz4+PFTA6CsjDoNVmGApdly0G0BiRpfI+mqqqWm/BSiw1thGstUKoNasAJeBRWAPtILvvQDWv6wjSbtKeVKiVbropGm3jpFFfRt0U4NBGr4vtuAG4suaPauCqHX3wrVtilBYhiAl7IRsgk91z50RNftvI84t3dfwU7BrNKuHr3jAyhvOmxi4MFDUJTyhgcBxrOxqS6W6QUezLT3J/pgaj+K9ma+MzOGwpB/AaAmYNrB7OHvh8fl+hM8wW3aAg2ycAyXbriyxvhTOMMHENqnC/hx0idRXq9APbDCPzghWFtADxq4UPAlMeQwrZ/ub6bbxQ4JsKANAeN6MBobVzfD68G4n65kU1NdFVEvKYANrNPSXt6PG5htC1dqYebsxqF1pNE9skHMmwfSNn4+LL5Ks1dau6eNTEj443516kvh7dWcfikEZ44iMCR2/A4iAIZzY5Rp+jkDXKcwqK7iR3D2x5+qnVNi4V8L5Ln0c9iaN2nB53Ze+HIhem5LjlgqoHIDLNgIRNXnZxSn30kqz/K0BUmLACdEO5HHRUMLBs7ZqfOtWeZutL2cqN8KQzPaGzDySa0RUCFFvwmjsTSl/NwIhWfki7fqlVYJ40Xrpf2OAAJ6+pTGnZVz7n8JKpz13K3nZUaFAI+GEG7S0a2HhDRiLiR72UWmXsG+Ap3tiSy3wg2hxoHVP7a8YMeT/2eZvGKnpgtt6H+tvz6w/crfSPoXZIunU/ppJCwN0XDswPiEr2siCTkz7Z0Mh1SxbDSjsUhPY8E+q9PviDzXit4djRcLTmGm/ZtYnrtzkdNQHQKzwOkRBfCz4a4tUzdTJiu7WZnZDDIL6K3CVrXB3gee9whax85H01YJlDo+74DdulZKCaZV9IqWSYvoPK21ClnfSn5PIq2fak13890o1AugZ6mBFg48XaRfEM/4NMiW0McnaZ/pRxeaAUXRyz5KFNarITC/R5mp2Fd1+vn9FSuO43D91IKw6VqEon9WwRTWVGCVjCEPU5w+glAlTG6ueu9xMcoLKlCkw+e3ilFdvW+dYWFpSCrTqQhbeZLlBUeolxt5FSTrA0+ecu26CnXVxJkTgHVHWBNTqtDOMKaq+HEMSnKlXKmVQtvk31wD2hWST3yQ/cs8a1+J/xDJV9l9Mf8HfcnZsQ==', NULL, NULL, NULL, NULL, NULL, '3417EBB0-09CE-A1E8-B862-13C825B43B2F', '00505601-31b1-a1eb-b3de-e11fe81b89fe', NULL, 'DgPKy6CBMwP2TIJ5QrOF9Dz3tWw=', 1);
INSERT INTO "bpm_model_revision" ("revision_id", "model_id", "sequence", "description", "created_on", "created_by", "status", "runtime_model", "designtime_model", "target_type", "target", "norm_time", "overview_form", "runtime_document_id", "psl_id", "default_language", "policy_digest_id", "acl_for_subprocesses") VALUES
	('080027e2-1180-a1ec-85b4-f3a27d139616', '080027e2-1180-a1ec-85b4-f3a27d3b9616', NULL, 'dummy_bpm', 1631785950070, 'cn=awdev@appworks,cn=organizational users,o=appworks_tips,cn=cordys,cn=defaultInst,o=mydomain.com', 'ACTIVE', 'eJzNWG1v4jgQ/itRPi84gdJ2EUTXLj0Jqd1yLXsvnyqTGPBtYkexU8r++hs7dmI20BauJ90n/DLzzDP2zHjCKC94TISgTEjMYuK9ZCkTY38tZT5ESMRrkmHRjXmRbNVPhhZ5hqw0CruB713P7h7IMxWUs7EfXAZB74L0OmF4GXRwSOLO5WBx1ln2ce8iCfufz8NzPxoZsxlPSHqCTQDA8Xe8MnyHj/dXsxYAbAmO8y4vVkgNEGHPJOU5Qf4pbi6woDHwXtKUjP2wGzZuGBYiqxE3m01309eme0EwQMEFGAEpY3looY+jUOnC+mtqCVniMpW+l2K2KuGMxr4xzXAGk6TMsu0TgPhewuMyI0xOJ4cv7gyfkZBcwHYv8b0NL74LOHuyV2XRWVz2ep3zZRD3A9gbXJ6BESLois1pRv44XrnyX1IsdXRxuSYFnLs9liFcQE4KSYlwFpWfEUs7Cy7UIQpUuzxCu0KNDrCMC5orM9E+cXe/0co4o5IXkSxK4gjbZZcn5QWV26jviNWLjVxcYLF+IDF/JsX2Z9jdzRaLWwLhHYX9NpFqp1GYlYuUivX1dF5gJnJeyDtIxChwNA+INBjX099xWhIxuf6WJ1iSFsJeAefA69iL3hN67lU0mg2cE5htvD2h5eC5qjsB0Q7bY6H3gzRGKMtLCYeD0c6iE/ORDnkHcne30eKlbLDQ3gQR2VBXgmPKFYRaVdh1AaIQThSngC2hkvAnVYkBVVnVpbye/asyV9WpJoihwkIZy3AO1prJSc+GLo3COe2Zcz6mmn8F86eAH6g4DmptYtJUk1MstdEnbnkqSoiPjEzqPDnFxvuSsmUqGjnp9CF292bYTs7q0HuljlS9R3+heo8RstKjwjQtb2pWXQs42yg0GeYGEGqiEyYmFf6TnCAvJC7VbVO25BDXO/PTGqraD8gOeC+Y/K0kJVHFZAfcdQy1cl9XhmPqC02qOmKbk6p58TROVVxMzUF6whkQ23n8CpISLAiOJX2Gt9TgPEpcSIse+l7OBVUeTNmVEfySlkKSAhoRH1We1NgwlurV0xqePgsN001AxPdEEVsDb/Kw1iyV3qtUQkulMX+QTc9lU5t5k9ANSyyXwatcekdwGbhctAU4nRWBvSVlOH2qbtPg6YmG0pvHBss+RLXreG5djitfolF9Bie0/XUI7QSW3OZqMr96mKtHqWqzKFt5Zjj2Ve/me24DBvcLMGLL4nUByz+IWa0C0HL8CLY9vxV+FeGbu9n8r/8h4YHvhqfh+nXyMUwJS+6XMyzXpp9u5q4T6HD41Ds66swyAN/YujjjKY23nnmLW59ZV19uf+XFY7mYVQJE2FQ3GuYJc58SVVbvF3+TWEJprnrxbwLIxGyMNwl5/gXnuX4EP8EKpAoGr3VLCBlVgqD4xMdW5EnSXMtVN6FGps5OwTMQzLYJzzBl6o6AlGPO2iaJPjCnxanlzJaVnKjsDs/74cXl4PMAntWgltRbI+S6hlqO55BfDPjXI8/exzR571cqOA4Xoo+jMvT+D9zW5TlYcx2X7uoiJXfVk2/2oFu3xU81fLpFec/HOlw4WeqXjjNxII/c/zM2Iknt3xjDF5EcKJ4h+vPu9lHrW9eeHN9OIqqyU/UIyGGsQrm6rWZULep/aZpIN50C+ulvp+gfzZ9/Tw==', NULL, NULL, NULL, NULL, NULL, '080027e2-1180-a1ec-85b4-4a4e1e70802d', '080027e2-1180-a1eb-b822-6f0c30002584', NULL, 'khSsh80K2aOJOGxky2tnDqW7UPM=', 1);

INSERT INTO "bpm_model_translation" ("model_revision_id", "language", "translated_description") VALUES
	('080027e2-1180-a1eb-b821-5d21e8721873', 'en-US', 'DeleteWorklistEntryInNotificationRepository');
INSERT INTO "bpm_model_translation" ("model_revision_id", "language", "translated_description") VALUES
	('080027e2-1180-a1eb-b821-5d238f1a1873', 'en-US', 'Entity DeadLine Monitoring Process');
INSERT INTO "bpm_model_translation" ("model_revision_id", "language", "translated_description") VALUES
	('080027e2-1180-a1ec-85b4-f3a27d139616', 'en-US', 'dummy_bpm');